id,device,brand,start_date,end_date,device_id,customer_id
1,G,Feenstra,1/9/2019,1/9/2020,466dcdf1-b0e8-47ee-961b-9c41cac47445,54175
2,A,Vaillant,3/17/2019,3/16/2020,2c07a767-0382-48f9-936d-f5ee85a3313a,76264
3,A,Remeha,6/18/2019,6/17/2020,689d2beb-25ef-4e95-8ade-c03dfff8bbac,15265
4,A,Vaillant,11/25/2019,11/24/2020,a2546a7a-5f03-4474-9353-36bf38157e15,51656
5,W,Remeha,2/23/2019,2/23/2020,ed961d8f-bdcd-4452-b14b-74d7c775a97f,42246
6,C,Remeha,9/29/2019,9/28/2020,f310b25f-fd45-4b31-9258-3100ac6686ae,76399
7,G,Feenstra,4/15/2019,4/14/2020,cb725325-234f-4f70-a8be-a7d9aa8a4439,14714
8,W,Feenstra,7/25/2019,7/24/2020,d4981533-cd78-443c-85ec-b2356aabc2a3,54721
9,C,Vaillant,5/17/2019,5/16/2020,8c2d2cd3-fa90-4aae-b0ba-6e24e01def54,97931
10,C,Feenstra,6/1/2019,5/31/2020,35efcf0f-d05f-481f-860f-2c01b69ab27f,17725
11,C,Remeha,11/27/2019,11/26/2020,8e3f3cdb-6fea-4f0b-9649-663756b5e745,74659
12,W,Vaillant,9/21/2019,9/20/2020,ab0a060d-3622-447c-a15c-a7deab127616,81155
13,G,Remeha,11/6/2019,11/5/2020,307f43e8-9f0e-47d2-af77-32c196c4725e,61144
14,A,Remeha,3/1/2019,2/29/2020,967219b9-9496-4fa2-bddd-5c630bbda555,68529
15,W,Vaillant,9/24/2019,9/23/2020,4a089471-8d9c-4af8-8832-adf42e1e4e5a,23687
16,G,Feenstra,5/16/2019,5/15/2020,16d5818c-9634-4fc1-8a17-1b4203d6a34f,94347
17,A,Remeha,2/11/2019,2/11/2020,d760b31c-26b1-4f7d-8535-eceb65362b38,18684
18,C,Remeha,4/28/2019,4/27/2020,dfcd6dbe-8f33-4a81-a30e-b9388d0951f8,44252
19,C,Vaillant,1/12/2019,1/12/2020,8d24b9ce-e44c-4919-a106-d2e26bb75d1d,54248
20,G,Vaillant,9/20/2019,9/19/2020,8e4bbef4-a18a-49d6-91b7-02c12e97513d,25171
21,G,Remeha,6/7/2019,6/6/2020,97ff1acd-a1f2-4105-9b18-9b83f4603300,93418
22,A,Remeha,8/12/2019,8/11/2020,e051a31e-2365-4401-9f47-d645006814ec,54919
23,A,Remeha,4/18/2019,4/17/2020,5f71dfb7-628b-4925-a693-0c98e15dff5f,11153
24,B,Vaillant,12/28/2018,12/28/2019,904c362c-edc8-44b9-86c0-9b23ae3f867b,47421
25,A,Remeha,12/25/2018,12/25/2019,18464c20-6000-4f2a-b01e-e19e365f2369,43581
26,B,Remeha,8/10/2019,8/9/2020,bf82a58e-ce0f-45a5-9264-923254ab146e,89781
27,B,Remeha,4/10/2019,4/9/2020,9f117db7-ff32-468d-bca0-02eecf68854e,55723
28,A,Vaillant,12/31/2018,12/31/2019,c1ac1e77-78c2-4e70-93af-ebaecb8c2ef2,72678
29,A,Vaillant,7/18/2019,7/17/2020,8b046840-1932-416c-9e26-0e1cece851db,25838
30,A,Remeha,5/12/2019,5/11/2020,be271a48-0128-4596-bee6-6e601da24843,13463
31,W,Feenstra,12/10/2018,12/10/2019,fdd65e83-f9af-41bc-bdd5-c764dbb74ba9,53622
32,C,Vaillant,7/15/2019,7/14/2020,cbb068f0-0924-4cae-8003-5d09b61bbf76,84834
33,G,Vaillant,12/6/2018,12/6/2019,3c9d1f0d-a4df-4eb4-b5fa-4a47f8f8ca23,97469
34,W,Feenstra,1/4/2019,1/4/2020,d2bda18d-05a2-457c-acd8-11deff01fe3b,57733
35,W,Vaillant,2/7/2019,2/7/2020,071bd8e6-83f3-4242-b44c-0a44a3c24b5f,21942
36,A,Feenstra,9/16/2019,9/15/2020,0b018eeb-67a3-4145-a66d-494897a8ab4f,77295
37,W,Feenstra,5/19/2019,5/18/2020,2e30c7f0-bc1c-434a-9164-d02e96874d36,43572
38,C,Vaillant,3/13/2019,3/12/2020,32026b32-85a8-4641-a4c6-7e84ad84e186,41132
39,C,Remeha,5/5/2019,5/4/2020,b4897c34-eb50-4438-bee4-4c8ec2f97416,14556
40,A,Feenstra,6/1/2019,5/31/2020,4b3a375f-d143-4e4a-9f06-263be323baa7,13964
41,G,Remeha,12/19/2018,12/19/2019,88fed05d-cd5d-40ab-8bbf-ca30a2dac0cc,16764
42,W,Vaillant,4/13/2019,4/12/2020,7bf0f3ab-93af-4b42-af20-d4401a663cd0,61319
43,G,Feenstra,9/13/2019,9/12/2020,d5b6fbd5-3ffc-4e53-b08e-f47174b688b8,47621
44,G,Remeha,1/12/2019,1/12/2020,8f5990a4-67b1-4b1e-891e-172216dc9982,47983
45,W,Vaillant,12/16/2018,12/16/2019,8fe1d405-bee3-41fd-8017-0a2e0394e440,93774
46,G,Remeha,9/18/2019,9/17/2020,fac96898-5de3-435f-b06f-efed50e229bb,81211
47,A,Feenstra,7/21/2019,7/20/2020,7b1dd428-afdb-40d0-87be-73c385d236a1,19993
48,G,Remeha,12/15/2018,12/15/2019,c65542f5-781d-4197-b754-4a133099c018,15235
49,A,Feenstra,10/29/2019,10/28/2020,b7fdba15-0f62-43a9-ad69-b9af43e8c4f7,62242
50,C,Vaillant,3/29/2019,3/28/2020,1615a075-0125-470e-8ece-f9f8d0196da4,41181
51,C,Vaillant,8/3/2019,8/2/2020,fd3c0212-e253-4cb6-b935-eb56cf0ee630,91372
52,B,Feenstra,4/17/2019,4/16/2020,d0afbff6-2e4d-41be-a36e-a95b46cc7e4f,49967
53,A,Remeha,6/16/2019,6/15/2020,216c19eb-05d3-4512-9fbc-732cfe526ffa,41592
54,B,Vaillant,4/26/2019,4/25/2020,1ac6a278-633a-4380-9402-d5b6a0df73f7,15461
55,G,Feenstra,11/16/2019,11/15/2020,4fdb52f4-87e0-4477-85cf-2331e9422664,22297
56,G,Vaillant,10/18/2019,10/17/2020,8268bd74-a4b9-46e6-9f45-f9795cf97911,81171
57,W,Remeha,9/24/2019,9/23/2020,a872e8a6-bbbf-48fc-a1b7-094a805c4c10,38968
58,C,Remeha,6/14/2019,6/13/2020,227eb0a6-6b65-44a1-9620-c22600c25752,79317
59,B,Remeha,7/1/2019,6/30/2020,d2bfa7bc-9e5a-4ddc-94ca-6e84d0a716c3,36198
60,A,Vaillant,8/17/2019,8/16/2020,db83b8d3-ba7e-425c-9b8c-641fb2193e4a,68166
61,W,Vaillant,1/3/2019,1/3/2020,574f985f-fd84-4888-8d55-74963389b683,41184
62,A,Remeha,9/3/2019,9/2/2020,9fdd0354-4d7e-42f3-b793-1eef60beda29,11672
63,W,Remeha,10/14/2019,10/13/2020,d80479f9-cba8-4a96-9d5c-7710b2bb7b96,79958
64,C,Feenstra,4/4/2019,4/3/2020,b646e704-c3b3-48e2-b7d7-278aed92f588,35163
65,A,Feenstra,10/2/2019,10/1/2020,5cfe302a-1542-4b49-8bda-02065956c82c,56144
66,B,Remeha,2/21/2019,2/21/2020,e1283d68-d055-4420-967a-dd10aa7b6682,43778
67,W,Feenstra,2/1/2019,2/1/2020,c3cf87d8-cc32-43da-93a4-21ecd6af2a1c,96165
68,C,Feenstra,11/13/2019,11/12/2020,ab4bd0d5-b16f-43f3-be09-432c7bc241f3,68592
69,A,Vaillant,4/26/2019,4/25/2020,60ed4475-9731-4d4b-91f5-1e34915d19dc,95564
70,B,Remeha,7/18/2019,7/17/2020,eb8ede22-c162-4d0c-ae4e-5b8db32cb7d5,94992
71,W,Vaillant,8/3/2019,8/2/2020,c1007493-d998-403c-9217-6613547220ed,88616
72,W,Feenstra,3/24/2019,3/23/2020,36889c4c-c0f7-49e5-973b-a9c328f5a71a,86484
73,B,Feenstra,6/2/2019,6/1/2020,e48f02bc-00e7-4d5d-b974-d9ef30f98757,33828
74,G,Vaillant,11/24/2019,11/23/2020,f63b6b4b-9d6c-481d-8aa9-8e56d900ed1d,88341
75,W,Feenstra,7/11/2019,7/10/2020,aa66ddcb-bd8f-461d-b998-ba258e96bdb7,69648
76,A,Feenstra,7/16/2019,7/15/2020,2bf715fe-c081-455b-92fe-a49c8d773360,97316
77,A,Vaillant,5/5/2019,5/4/2020,1e8f92e5-e95f-4cdf-b411-347908f2d157,66845
78,W,Vaillant,10/7/2019,10/6/2020,ba5c6802-e961-42c4-b2e9-cb4966626707,39772
79,A,Feenstra,3/19/2019,3/18/2020,af2512d6-a9a3-46e1-8f87-327ff423017c,16117
80,B,Feenstra,2/22/2019,2/22/2020,2ce26e1f-b28d-45be-b525-9ad800b824cf,53633
81,A,Vaillant,2/3/2019,2/3/2020,3b604c6f-a9e3-4389-b9b6-37be8f3d29fa,26562
82,C,Remeha,3/19/2019,3/18/2020,fcca7e8d-3ce0-452c-a2c4-23268fc37a3f,27346
83,G,Feenstra,1/28/2019,1/28/2020,bbeae14d-3939-4b49-a1cd-671502c112f9,63329
84,G,Feenstra,7/23/2019,7/22/2020,b81060bd-51cb-452b-b5fd-eadf4a48e72e,57624
85,A,Remeha,6/4/2019,6/3/2020,20848209-ac3c-47e8-bb72-41185a4597c9,99248
86,B,Remeha,4/12/2019,4/11/2020,f7bfd65f-5230-4d3e-a278-efc413e29e41,11277
87,C,Vaillant,9/20/2019,9/19/2020,d4af6b5f-d812-4e37-b572-b044222dc820,34174
88,G,Vaillant,3/5/2019,3/4/2020,2659f538-3082-4da6-9494-985aebf20fb3,94326
89,A,Feenstra,4/5/2019,4/4/2020,bf29c0aa-3a14-47fe-a23e-680c06b807f7,88225
90,C,Vaillant,10/5/2019,10/4/2020,b2b99285-9fb2-4918-afd9-4e9dfae18d5f,72146
91,G,Feenstra,2/3/2019,2/3/2020,e89afd62-1cfc-4386-ba3a-a543124e7ed3,94421
92,B,Remeha,1/8/2019,1/8/2020,ab600773-1a78-4205-9e51-9b267fa5e2b2,47966
93,C,Remeha,4/26/2019,4/25/2020,6857ad40-7c39-48e7-a3c7-cb2543204f30,25349
94,C,Feenstra,12/10/2018,12/10/2019,4507c422-424a-4f23-a6df-546c124ab71c,64469
95,W,Remeha,7/2/2019,7/1/2020,3f2bbafa-c5de-4385-ac9e-a2692a92aa80,62895
96,B,Feenstra,5/31/2019,5/30/2020,7221a1e1-9b9a-4b30-a127-0f3f00a03292,34125
97,B,Feenstra,4/4/2019,4/3/2020,e48499cc-3f44-4a17-b76f-f53849ddfd69,63562
98,W,Vaillant,5/14/2019,5/13/2020,21183ba0-daff-447e-97c8-38f32c3abf34,77174
99,W,Vaillant,10/8/2019,10/7/2020,cac77016-2a87-49bc-a4af-56a2f27a244d,19938
100,G,Vaillant,7/22/2019,7/21/2020,1b4a6aab-eda5-4ba5-ba27-8ec2b233f1a0,55917
101,A,Feenstra,7/15/2019,7/14/2020,d4a3f5aa-a907-4fd3-a529-ed14de23bee5,97723
102,G,Remeha,1/10/2019,1/10/2020,74c6347d-e434-489e-abdc-6e2fbc7f621f,43595
103,W,Vaillant,3/19/2019,3/18/2020,0611fa21-a0f4-4cb1-a4b2-c394db77bc33,11586
104,G,Feenstra,12/29/2018,12/29/2019,89e01d2f-e8ad-43b8-8b12-deac30043aa9,39276
105,A,Feenstra,4/18/2019,4/17/2020,62bddafd-2d74-41f6-ab95-d4c5c5b2b65c,15689
106,B,Vaillant,7/5/2019,7/4/2020,11aa0ead-d522-4879-bc0c-a0d4161d1852,78414
107,G,Feenstra,4/18/2019,4/17/2020,adb3d7b6-7a05-4a35-841a-4600ec70269f,53814
108,A,Vaillant,1/29/2019,1/29/2020,0bf25f1f-85a1-4ef8-b3cf-a57167d0189d,26293
109,C,Remeha,6/22/2019,6/21/2020,80277184-6999-4c59-8949-2f608f14503b,83622
110,C,Feenstra,6/24/2019,6/23/2020,7091916e-b2fc-4f05-aacb-8bcfa9f617cc,73685
111,B,Remeha,10/15/2019,10/14/2020,69588123-95f5-4d58-9888-9215ccbc573e,62238
112,A,Vaillant,11/27/2019,11/26/2020,09adb48c-9992-4c20-ad07-85c0c93d5539,31153
113,W,Vaillant,12/8/2018,12/8/2019,8cca7c17-eb2b-4d93-99ff-781472e11283,22474
114,A,Remeha,8/12/2019,8/11/2020,449b25f2-4e1e-41a8-a5ee-02e710c5ccd7,39498
115,C,Remeha,11/5/2019,11/4/2020,be765036-17a4-40ff-a2f1-cec9a078b180,15198
116,C,Feenstra,1/2/2019,1/2/2020,a7daabdf-a543-4d42-b709-9c889295349b,69117
117,W,Feenstra,4/13/2019,4/12/2020,1a9679b4-185e-4ca0-a5c8-0d99c21cda18,56569
118,W,Feenstra,2/12/2019,2/12/2020,4d1b789f-3558-4496-8e67-70a61e783273,57258
119,B,Remeha,3/15/2019,3/14/2020,57f4fb9f-fd2e-497d-9f2e-2a5569b36de2,91199
120,B,Vaillant,8/14/2019,8/13/2020,0154d8fd-92b5-4b05-abeb-1e62101d1660,32181
121,W,Remeha,10/28/2019,10/27/2020,e404b195-9b7a-4585-8eef-39666fb06129,53914
122,W,Remeha,5/6/2019,5/5/2020,8ce14497-ef03-4181-9500-6b70a4c03c06,22738
123,B,Feenstra,3/10/2019,3/9/2020,cb51ecad-90e1-446b-b34e-0b34699770ce,28129
124,A,Feenstra,10/11/2019,10/10/2020,fbceeb95-f0c9-4b98-89ba-7026e8af10fc,72423
125,B,Vaillant,9/15/2019,9/14/2020,b9f9b9cf-d30f-47df-afd8-38556c66e3a0,47122
126,A,Vaillant,5/23/2019,5/22/2020,5c080aca-b19b-4ea0-9261-07dce4120829,66162
127,A,Vaillant,7/24/2019,7/23/2020,617241c8-f5ce-45cc-ac32-34ef65f6937c,76752
128,A,Remeha,10/24/2019,10/23/2020,75a1a67b-e7b6-462c-81fe-355a289489b7,48675
129,B,Remeha,6/29/2019,6/28/2020,da265ae6-73d0-4090-9cc2-fb43c0007665,91814
130,C,Remeha,12/6/2018,12/6/2019,091271be-2c3a-44e2-8634-d6c76b0c70fd,58984
131,B,Remeha,3/7/2019,3/6/2020,04afb776-836a-4416-9d10-7c3c364ee85f,92199
132,W,Feenstra,2/4/2019,2/4/2020,70494506-6ef7-40c7-baf5-abda81f402d4,17732
133,A,Feenstra,3/2/2019,3/1/2020,d8751af5-b05a-4751-a77e-46063b15a611,43343
134,C,Remeha,1/3/2019,1/3/2020,f25cd412-e36d-45e1-afa5-c43a2edcf420,74152
135,A,Feenstra,4/20/2019,4/19/2020,d53f38a7-e280-4a1d-8c36-33b64c429ed6,25846
136,W,Remeha,8/29/2019,8/28/2020,63f51db3-dc8f-4f9d-a563-4083d0c17c51,33875
137,A,Feenstra,11/10/2019,11/9/2020,a011c85c-02c0-4f96-8d95-83d75904e44c,86492
138,A,Remeha,1/23/2019,1/23/2020,dc553798-ae3e-44cf-8306-879f5d38882f,88753
139,A,Vaillant,2/27/2019,2/27/2020,7b1799fe-400b-492f-9705-8670814af29c,37932
140,G,Vaillant,9/2/2019,9/1/2020,f8590624-1f8e-41d9-a0d0-41182be0219c,61993
141,G,Feenstra,1/18/2019,1/18/2020,139ae6ce-9dcf-476c-886c-40d36364622b,85591
142,W,Remeha,12/23/2018,12/23/2019,a6ee9777-227b-46fb-9123-85e460d14cb6,27312
143,G,Vaillant,1/23/2019,1/23/2020,8cb93f39-960e-43d2-a52d-9cc38870befa,14668
144,A,Remeha,2/23/2019,2/23/2020,bf2edc28-f6ba-4df7-9a14-6639c688b9b9,44849
145,A,Remeha,7/16/2019,7/15/2020,205976e7-e09e-47f7-a1b2-a328a6e39a4f,25648
146,B,Feenstra,2/24/2019,2/24/2020,4cd088ec-57db-4018-8c35-d9fbd30e97fd,45577
147,A,Vaillant,2/2/2019,2/2/2020,761213a0-d9ed-47fd-9d27-fce46b31d034,31615
148,C,Vaillant,4/17/2019,4/16/2020,a4b6c5b4-ef7c-451c-8626-1d95bb31ee5a,62899
149,B,Feenstra,11/7/2019,11/6/2020,60124007-d032-4565-807f-c78c8a0a8a90,77276
150,A,Feenstra,7/7/2019,7/6/2020,3305c7e4-3f3f-4f1a-b82e-ebeee23dbddc,69884
151,G,Vaillant,3/10/2019,3/9/2020,47e55b64-87fe-4b02-98f7-e86995c37f79,73585
152,W,Remeha,3/17/2019,3/16/2020,e74c5b5c-0ac0-46c9-9a23-9353bfe23abc,19164
153,W,Vaillant,12/10/2018,12/10/2019,79e2d7b9-8187-4575-953c-d32c9c994050,81656
154,A,Feenstra,3/20/2019,3/19/2020,f9c693f7-b3a0-4559-8888-66fdf803f4f5,37989
155,A,Remeha,6/11/2019,6/10/2020,3ced3023-90cf-45f0-9716-93177ade0e7e,71441
156,G,Remeha,5/1/2019,4/30/2020,371a09b0-252a-45a9-a0cd-65c36e2319c9,12327
157,B,Vaillant,7/2/2019,7/1/2020,5fe42a28-5112-4b18-8975-660089f9f837,83953
158,A,Feenstra,9/18/2019,9/17/2020,bf729aec-216a-41bc-880d-95995fdc136f,33574
159,C,Feenstra,8/12/2019,8/11/2020,28a2dd0f-2aed-4c12-8f08-daa5cee82735,64352
160,A,Remeha,10/10/2019,10/9/2020,1fc22180-cec0-42ed-9d9b-1567a27ae9ab,23774
161,A,Remeha,3/15/2019,3/14/2020,0a0c7cd3-c38a-4a9b-9381-adef301fab8d,77769
162,G,Vaillant,5/2/2019,5/1/2020,96664691-f81d-475f-8b73-124c7c0d8297,34449
163,C,Vaillant,8/10/2019,8/9/2020,91cab966-6b70-4760-93da-2d497f8f2680,57186
164,C,Remeha,4/23/2019,4/22/2020,96e02d40-f35b-49a2-aadf-995d61d301f6,49141
165,A,Vaillant,4/3/2019,4/2/2020,d4794776-c85b-4784-a1f1-d4cc4a88871a,55147
166,G,Remeha,3/22/2019,3/21/2020,fe3ab176-f157-4125-8e38-d97ab82543d6,12217
167,W,Remeha,9/30/2019,9/29/2020,aef060d2-be27-4f24-9f12-d0c71a9dce2e,14284
168,G,Vaillant,9/29/2019,9/28/2020,c87c6ab2-03de-4abf-a9eb-8d0360ad02e9,86118
169,W,Remeha,12/18/2018,12/18/2019,4b07eef5-0a9d-45b7-a59f-2d938bd5093e,13568
170,C,Feenstra,6/18/2019,6/17/2020,559e7ff6-1c14-4ea1-b7fa-3be9bfef1d1d,12611
171,G,Remeha,1/5/2019,1/5/2020,4e00025c-d18d-405d-aa1c-500a3ee7da14,84943
172,A,Vaillant,5/9/2019,5/8/2020,c2e6dd8d-5792-447e-9071-b97598a75d60,12955
173,G,Feenstra,11/28/2019,11/27/2020,fab3a5cd-bddb-45a2-9b9f-70f67d795561,15847
174,B,Feenstra,8/12/2019,8/11/2020,efc83c31-6e5d-407e-8ab7-06b4474d9b0f,13867
175,B,Remeha,7/18/2019,7/17/2020,7153081b-1416-4ca8-9258-7b4f36946abd,84196
176,W,Feenstra,7/23/2019,7/22/2020,e171f8a0-2810-4cb0-90c2-f94482f369cb,67821
177,A,Vaillant,6/28/2019,6/27/2020,96d9e757-c2b2-4609-b6ea-264c1e6c7b1f,39882
178,G,Vaillant,12/26/2018,12/26/2019,2b7cf6c0-28d5-40e1-a706-5c2c9f4ec46e,15113
179,W,Remeha,8/30/2019,8/29/2020,2e6b97f2-74c7-40d8-8e8c-7ca89eac21dc,41947
180,B,Remeha,7/4/2019,7/3/2020,cc3b7073-8fd7-4a46-a7c1-725b0cccf977,72141
181,A,Vaillant,11/2/2019,11/1/2020,0876f209-fcb4-46f1-90a8-bfb6d10b37be,82342
182,A,Feenstra,3/3/2019,3/2/2020,00458c43-d126-4110-8127-afd934465427,47622
183,B,Vaillant,4/27/2019,4/26/2020,b90e9083-f32b-4947-8ce2-36c421e87582,66311
184,B,Remeha,10/1/2019,9/30/2020,f9f37e29-1a52-453c-a61e-687a43661c81,42879
185,G,Vaillant,12/8/2018,12/8/2019,17528d86-521f-4088-ad7b-5b9e996e9120,37643
186,W,Remeha,7/6/2019,7/5/2020,fe7ff524-6a2c-4a8f-8434-75e324dfd629,64495
187,A,Vaillant,12/3/2018,12/3/2019,60cc3e19-99a6-4123-87b5-1cb4f1d3b31a,54625
188,W,Feenstra,4/22/2019,4/21/2020,4d34ed98-ff66-470c-a244-d7fd78e17ce1,87947
189,G,Feenstra,12/4/2018,12/4/2019,06560d3e-ad1e-4b57-86cd-ad18547f578e,69644
190,W,Vaillant,6/7/2019,6/6/2020,86786019-fe5b-4363-992c-604c9b9b0215,93458
191,C,Remeha,2/18/2019,2/18/2020,359c23a3-6032-416d-aecb-d323f35802db,11138
192,B,Feenstra,4/13/2019,4/12/2020,1d230ae8-3c3d-49e5-8318-32c0052a32cd,35541
193,G,Remeha,9/27/2019,9/26/2020,e42df5af-a0ef-4bf8-ba92-4667f5dad898,67415
194,A,Remeha,7/1/2019,6/30/2020,8a1827b7-f501-4bf1-8c9a-a0e1f3a4fb09,59529
195,G,Remeha,2/24/2019,2/24/2020,3e971bb6-ded2-4ece-aea7-55bf7ad58d6f,95947
196,G,Feenstra,7/30/2019,7/29/2020,7b30a35e-512d-45da-b4f8-b4834b28cd3d,58273
197,G,Vaillant,6/20/2019,6/19/2020,c1dc6963-191d-4cd5-bf56-88cdd5dbb86a,41386
198,W,Remeha,10/5/2019,10/4/2020,0acd7894-5bc6-4777-b5c0-4638eccce3bf,51562
199,C,Feenstra,5/28/2019,5/27/2020,cec295ec-8ab4-478f-a0ad-4d0f664d53bd,78665
200,W,Remeha,6/7/2019,6/6/2020,51529e9e-b332-4ac7-bbea-912623d6c0aa,22818
201,C,Remeha,3/21/2019,3/20/2020,0a5bda6a-7ebf-4288-8abc-139d651af3a1,79315
202,A,Remeha,8/20/2019,8/19/2020,9ab4bd24-01a2-447a-b61b-3b1013dda30b,79227
203,W,Remeha,8/5/2019,8/4/2020,d34dc4d3-23cc-407c-a728-436148114496,47255
204,B,Feenstra,1/20/2019,1/20/2020,b8281261-152a-4793-a185-62d87e189a11,37817
205,A,Remeha,6/16/2019,6/15/2020,18b4a591-5b54-41ac-9767-443a0ec2ef24,82132
206,G,Remeha,9/28/2019,9/27/2020,5e85ff67-efe1-47fa-b041-52955cc0125d,53978
207,A,Feenstra,8/6/2019,8/5/2020,81e4c0cd-4456-4fa6-af02-0118d61478f6,78872
208,B,Remeha,4/15/2019,4/14/2020,d0bff988-5b21-4f5c-a2d5-85d86b08551e,53364
209,C,Vaillant,9/16/2019,9/15/2020,d73c4d07-b7ad-4973-9434-5b86e5f8dff8,61825
210,B,Remeha,1/9/2019,1/9/2020,c8102299-ef0b-4fe6-80c3-bfb79c8fbafc,56166
211,A,Remeha,7/22/2019,7/21/2020,715e8e4c-aa52-4f1f-8261-6a152c58807d,96548
212,B,Feenstra,10/31/2019,10/30/2020,7d1e22da-7b5b-471b-9425-e85cb4b785bb,36285
213,G,Feenstra,11/2/2019,11/1/2020,e9e74bb5-37ec-49b9-baaa-0f2adf16de8d,83154
214,B,Feenstra,5/2/2019,5/1/2020,5c12ec39-fe91-489b-9e1a-1f0321000825,81693
215,G,Remeha,3/7/2019,3/6/2020,9a42b60c-2e09-47e5-93e4-ea3f5bf31629,22243
216,A,Feenstra,10/5/2019,10/4/2020,7635115c-00b5-4160-8b37-adb83693c4a9,56732
217,C,Remeha,5/7/2019,5/6/2020,eae2ed8a-88a6-4035-baf5-7ad819b4ff4e,31875
218,C,Remeha,1/16/2019,1/16/2020,d124c6ef-f1b2-4d85-8b69-690489936c55,37975
219,C,Feenstra,1/25/2019,1/25/2020,3ae4f81d-fd5c-4257-9390-cdc0aa0580ac,34521
220,B,Remeha,10/24/2019,10/23/2020,d9c175cf-1d46-4251-8f55-d7504422f5c4,72364
221,A,Vaillant,10/5/2019,10/4/2020,deb31698-a959-4c87-9238-93c3fe6b2ff1,12251
222,W,Vaillant,8/3/2019,8/2/2020,78db8479-ae7f-45a3-83b5-1ef8bb7155b8,13159
223,B,Remeha,7/22/2019,7/21/2020,bbe974ad-2cf4-4236-9f27-07254e791b0f,68572
224,G,Feenstra,12/8/2018,12/8/2019,f1493ffc-d637-4226-98bf-7269b9d3bdc4,36441
225,W,Remeha,2/24/2019,2/24/2020,042bc88a-4da1-4221-9028-fa9f9ddd5f75,15442
226,B,Remeha,7/23/2019,7/22/2020,3d83055b-c67d-4a27-bd46-c75d67dd3420,28593
227,C,Remeha,7/17/2019,7/16/2020,77bef2f2-2b58-4ba0-bb04-1602f1046474,77446
228,B,Vaillant,5/18/2019,5/17/2020,234ae39e-3f61-4b8d-a4d8-1bac578dd7aa,61512
229,A,Vaillant,8/4/2019,8/3/2020,264f7daf-a46c-4bef-b118-bb50f7dcb472,45611
230,A,Feenstra,9/27/2019,9/26/2020,525ec5a8-57f3-4227-b1ef-658b79adf463,72945
231,W,Feenstra,8/16/2019,8/15/2020,f9212d7c-02f0-4d08-b0f4-a56130e03692,81194
232,G,Vaillant,7/12/2019,7/11/2020,b3185760-d063-4f10-af07-5701c9abd0a6,17979
233,B,Vaillant,6/27/2019,6/26/2020,27b36821-9847-4359-90b3-a1a532604ef6,23464
234,B,Vaillant,1/5/2019,1/5/2020,73fab392-be43-4d32-abd7-bd4bc320571a,59485
235,G,Feenstra,5/23/2019,5/22/2020,ef02c764-0c64-4496-ae49-b31f4d06aa45,26329
236,C,Remeha,3/17/2019,3/16/2020,c3013530-5554-4d4b-8616-821727cebd9d,51787
237,A,Remeha,1/29/2019,1/29/2020,2ffbd2a2-b520-43f0-8216-02b9a595cd8b,87337
238,W,Feenstra,10/12/2019,10/11/2020,72ec21b3-99f3-4d53-ab4f-e1c6b0092274,59213
239,W,Remeha,1/19/2019,1/19/2020,48ce5c38-c8b1-4427-b446-f6313dc8bc58,49733
240,G,Feenstra,12/30/2018,12/30/2019,62a06cc6-9840-4edd-8d6a-5e60212d1089,81622
241,G,Vaillant,8/16/2019,8/15/2020,3cdc3925-4a72-4001-b750-ae2a2bf333ac,77478
242,C,Feenstra,12/24/2018,12/24/2019,bebb78c6-a868-4855-a20c-8d61d0daf073,34749
243,G,Vaillant,4/5/2019,4/4/2020,00b5b387-f09c-4edc-8ce5-de6b2dcbce81,51418
244,W,Vaillant,10/16/2019,10/15/2020,bcd0931c-eb20-4dfc-954b-0e4ac214df07,13344
245,W,Remeha,1/14/2019,1/14/2020,6060c46a-e355-4b17-ae74-16e7e62b1d3a,93384
246,A,Vaillant,11/18/2019,11/17/2020,054b489c-830d-4b1f-8a6a-60998585fa24,39838
247,B,Remeha,6/12/2019,6/11/2020,abdc94de-8ca6-47d1-8b12-41b1b8a6676e,57125
248,G,Vaillant,6/17/2019,6/16/2020,8d36f98c-8e1f-4551-83e2-ad7bf519652b,66875
249,B,Feenstra,12/8/2018,12/8/2019,9552fd96-4a76-4d15-8d90-d4ea3b031a72,22216
250,A,Remeha,3/6/2019,3/5/2020,92fb398c-5cd0-4ee0-ab1b-7605434d00ca,38537
251,B,Feenstra,11/11/2019,11/10/2020,557e720d-efc6-4a11-a8d7-cb97b7d954e5,58433
252,A,Feenstra,4/11/2019,4/10/2020,6427417e-ad38-4995-9ab3-81e16cdd1b02,99519
253,B,Vaillant,11/11/2019,11/10/2020,32d8f0f4-862f-4b4c-8326-f7d46c4c063f,44565
254,A,Feenstra,5/2/2019,5/1/2020,2609a23b-3b74-4db5-a385-5ba1ad4b4b90,86583
255,A,Feenstra,10/31/2019,10/30/2020,d943ed22-4076-4290-aa77-c7101df5fe3e,61863
256,W,Remeha,10/4/2019,10/3/2020,bb6d581a-1179-4cb9-a8b2-d960914a1bb3,53221
257,A,Vaillant,10/5/2019,10/4/2020,fef98f1b-3a88-4cc5-9292-3c9d2444d620,38578
258,G,Remeha,11/20/2019,11/19/2020,b3eea095-2a0e-4968-97fc-1e5c147c72d2,41929
259,A,Feenstra,1/31/2019,1/31/2020,1dc511b2-6634-4dd7-8c47-b5081f8a653b,53699
260,B,Vaillant,12/21/2018,12/21/2019,aa75a66a-7da6-4d49-946f-f58f109f74c8,49278
261,B,Feenstra,4/10/2019,4/9/2020,e69a15bb-8cde-4318-bc98-4a9a3c91c593,99664
262,A,Feenstra,11/13/2019,11/12/2020,ddbedafe-67dc-43e7-b1c6-730eed10396a,91326
263,C,Vaillant,6/15/2019,6/14/2020,dfeffccc-0d59-4936-8c90-0d81050ef5a6,62298
264,A,Feenstra,5/9/2019,5/8/2020,a049e066-15e9-41c1-839a-1a71f3f249c6,67266
265,G,Vaillant,10/2/2019,10/1/2020,5dd92a3d-09b7-48b7-92e6-49eb668e8d03,45734
266,G,Vaillant,12/25/2018,12/25/2019,ee72a500-f62c-4098-9807-494907c30f35,26733
267,B,Remeha,7/11/2019,7/10/2020,8674fd1a-b851-46ef-8ea2-4786b2bad9a5,98922
268,A,Vaillant,7/31/2019,7/30/2020,a8f6b247-4a8d-4132-8578-57d29d7887c8,85499
269,A,Feenstra,10/7/2019,10/6/2020,02973717-0deb-4b63-adb2-d1e9f7b9c338,64915
270,G,Vaillant,9/16/2019,9/15/2020,645dee05-361b-498c-b883-8fed9894f2c3,98376
271,G,Vaillant,12/29/2018,12/29/2019,c326b70b-e2e6-47aa-80a7-3612740df6b3,11659
272,A,Remeha,1/6/2019,1/6/2020,7babb830-51a5-4451-8ad7-d946e016fcd4,75796
273,B,Feenstra,11/5/2019,11/4/2020,883cab74-9252-48f8-8dc9-43b9bcb36e06,25348
274,C,Vaillant,12/30/2018,12/30/2019,48ad0cad-bbdd-49c6-b5e1-c5e2f69ae968,56948
275,B,Remeha,1/27/2019,1/27/2020,a5c5967c-20df-468c-ba58-fffd8e68d282,69898
276,C,Feenstra,8/3/2019,8/2/2020,7be7b40e-7cb2-4923-8132-ea099929ad0a,43991
277,W,Vaillant,4/3/2019,4/2/2020,da7f8906-a6bd-497b-bf25-991003451c5d,98784
278,B,Feenstra,12/11/2018,12/11/2019,2b4da160-9227-45e2-b029-4f22115d1d61,96262
279,A,Vaillant,11/12/2019,11/11/2020,b32a813c-75e5-42ea-93cb-05b67fdd08c7,81446
280,W,Feenstra,4/14/2019,4/13/2020,2700176e-e83a-4009-8785-65f96a3177c4,18635
281,W,Vaillant,12/10/2018,12/10/2019,51ab36db-c74a-4446-a54d-40bf31bb7fd4,16872
282,W,Feenstra,9/16/2019,9/15/2020,29a0d1f9-153d-4a9b-9197-6e97c2ebf56d,25121
283,C,Feenstra,4/7/2019,4/6/2020,bec6fe06-f241-4c0f-9a8e-9d06dc93b4c3,26129
284,A,Remeha,10/27/2019,10/26/2020,fc443043-81df-4a2b-bf4c-ba8cd908dd23,46659
285,C,Feenstra,4/21/2019,4/20/2020,45094ffd-fe37-45bc-8e37-0f2f9f702de1,97151
286,A,Feenstra,7/13/2019,7/12/2020,04e9ba99-22b6-472d-b502-47720cd756d7,73559
287,W,Remeha,8/3/2019,8/2/2020,033edd33-8544-414d-a993-793c358e10b2,86331
288,B,Remeha,8/17/2019,8/16/2020,8f25511a-c393-4162-84dc-3b178bfafe08,15723
289,W,Vaillant,9/17/2019,9/16/2020,bd334b8c-9305-49c7-95bd-d439ad4aa184,71749
290,W,Feenstra,6/6/2019,6/5/2020,ccff9c2a-b69d-42c4-acfe-bdfeeb2e6189,26544
291,B,Vaillant,8/8/2019,8/7/2020,e3f43069-e8eb-4aa1-98dc-fe4d82bd1328,63548
292,G,Feenstra,3/25/2019,3/24/2020,96c6330e-4cc3-497e-8317-66ea9b5a252a,91226
293,C,Remeha,10/5/2019,10/4/2020,d85f070e-cd98-4dd9-aa40-47d625794005,96546
294,A,Feenstra,2/10/2019,2/10/2020,8ea1aa41-4d8c-41a1-af9a-1f6e3f4b434f,17858
295,W,Remeha,9/18/2019,9/17/2020,f28a99ef-9803-40ae-a64c-a85732f6a6da,65158
296,C,Remeha,2/26/2019,2/26/2020,53ac35bd-16f4-43d6-9996-88c419d3b810,49275
297,A,Remeha,12/30/2018,12/30/2019,b8586fca-433f-42d6-96cb-421e6ec3231e,94752
298,C,Vaillant,10/11/2019,10/10/2020,461b53f8-0ac5-457c-a03e-86d16ac00fca,87334
299,A,Remeha,1/31/2019,1/31/2020,86268785-d49c-4524-a4a4-6934cb0c5c9a,36249
300,W,Remeha,7/6/2019,7/5/2020,8270d551-8c42-45b4-a77e-d11c82bb1e93,72368
301,G,Remeha,4/27/2019,4/26/2020,38d2184b-160c-49a9-ac7e-ad19840bcabb,35397
302,W,Remeha,10/17/2019,10/16/2020,c2a4a71e-6449-4247-b2b4-559442b614bf,49683
303,A,Vaillant,4/6/2019,4/5/2020,5c1e4295-7b02-49eb-b43c-5289572646de,88711
304,B,Feenstra,2/4/2019,2/4/2020,aaf684e8-0efe-4885-a225-75c430279317,27949
305,G,Remeha,5/16/2019,5/15/2020,df9ba68d-d77b-4f29-bd5c-2a60b59948f1,16656
306,G,Remeha,10/28/2019,10/27/2020,b5122044-870c-43bf-9f5b-9765c459d23b,57138
307,C,Vaillant,12/1/2019,11/30/2020,9ffe8399-541d-4222-85ba-a3765dd0726f,23623
308,G,Feenstra,11/7/2019,11/6/2020,78550872-5032-4cf9-98e9-62cbeb2c79de,37515
309,W,Feenstra,5/10/2019,5/9/2020,6479f0da-606b-47f6-8e17-719138f70026,17364
310,B,Remeha,10/4/2019,10/3/2020,feec6dae-dfbd-4be1-9c8b-8a6f223aeab9,48166
311,A,Feenstra,3/20/2019,3/19/2020,7eb1c758-96f1-4558-9f04-45ad4976588b,73489
312,W,Vaillant,9/21/2019,9/20/2020,6a63dbb8-08ed-496c-bf79-1f51f230d1bf,38876
313,W,Vaillant,3/7/2019,3/6/2020,f8479a93-5d78-4f27-a02b-764971e504a8,81839
314,G,Feenstra,7/7/2019,7/6/2020,5a14b6bc-0fc9-4dde-ac60-57f8368ccf15,79638
315,W,Vaillant,1/15/2019,1/15/2020,591be988-9faf-4515-b0fc-1da1c26a7ee5,68183
316,C,Feenstra,1/31/2019,1/31/2020,a5a1f3ca-79bb-4acb-a1cc-2197a8eb6a65,72335
317,A,Feenstra,10/6/2019,10/5/2020,5048780b-aac6-4f8a-90aa-59f75c14f36c,76432
318,G,Feenstra,7/1/2019,6/30/2020,d67f339e-b3ac-4da2-b093-1ae18331ac2f,65293
319,A,Vaillant,5/13/2019,5/12/2020,f8fbc2e5-0f63-4185-a42f-f9d5d7ab5e20,81447
320,A,Remeha,11/21/2019,11/20/2020,4e17b90a-e362-40e4-949d-c233a5be9b14,24356
321,B,Remeha,6/5/2019,6/4/2020,323e40d8-5a60-4735-8ca5-c1f0c9eb434e,68529
322,B,Remeha,3/1/2019,2/29/2020,faf47ca1-a582-4b85-b437-338df6e4d46b,49582
323,C,Feenstra,9/18/2019,9/17/2020,e3eb02fe-4f89-4692-80db-ab6a84585026,89771
324,W,Remeha,10/5/2019,10/4/2020,d9cdcdcc-f3ef-4991-8da9-0910ca77433e,92476
325,C,Feenstra,9/23/2019,9/22/2020,1e09e469-a48c-49ea-84ee-dfd6f4970938,19319
326,C,Remeha,10/16/2019,10/15/2020,627a8647-32d3-422c-95f1-055b9fe3750a,61384
327,C,Remeha,10/2/2019,10/1/2020,312ace10-ef31-4b43-810a-b157326b63c8,39151
328,G,Vaillant,7/13/2019,7/12/2020,76995533-d00a-4018-b325-898d314fa75e,51751
329,C,Feenstra,12/20/2018,12/20/2019,23ce11a0-f134-4aaf-bca6-9fb10400e3ec,22366
330,C,Remeha,8/23/2019,8/22/2020,c6acdc91-8aab-4dd3-8e48-aa3bd1eb4691,78866
331,B,Feenstra,9/26/2019,9/25/2020,e53154f5-9005-4b20-a2bd-3b7dd0d34eb3,27388
332,G,Feenstra,5/16/2019,5/15/2020,196fc3ca-b7c6-4b9a-ae25-492234573211,92243
333,C,Remeha,11/2/2019,11/1/2020,81748f98-b03d-4112-886a-3de256dcd74c,12753
334,W,Vaillant,12/21/2018,12/21/2019,6de58fe2-6fc7-4625-a360-92cc5a177b2b,77339
335,G,Remeha,6/7/2019,6/6/2020,abf36af8-c4dd-4003-95b1-01ab9672c328,13871
336,B,Vaillant,9/3/2019,9/2/2020,db5a7010-4dcf-42b1-92cf-f77ef1e867fc,44441
337,C,Feenstra,3/15/2019,3/14/2020,4b959fae-6143-4ea4-812d-cf3c2434966d,43188
338,C,Vaillant,3/23/2019,3/22/2020,61b804cb-d30a-45bc-a57b-08c6ae2d547c,51253
339,W,Vaillant,8/17/2019,8/16/2020,fe905f56-f115-417d-8458-1fcb8a2557d0,61941
340,A,Remeha,12/25/2018,12/25/2019,56b35819-585e-4b8c-b5fe-33eb8d6d6757,41134
341,G,Vaillant,7/5/2019,7/4/2020,800869bc-d684-4b31-a546-9fb00fedb1b6,16711
342,B,Vaillant,7/8/2019,7/7/2020,16bdbcb6-c64f-4c58-bccb-17da780511fa,77699
343,B,Vaillant,11/13/2019,11/12/2020,8f2b6bdc-c40e-4164-af39-39b9c22da55f,92514
344,G,Remeha,10/5/2019,10/4/2020,23b906fd-5eab-4da7-9e58-8c887099c423,46756
345,G,Vaillant,3/9/2019,3/8/2020,c14caddc-9a9b-45c2-84c5-468c665b1e60,34756
346,G,Remeha,4/21/2019,4/20/2020,dabfee57-8d0b-4334-8117-fe33ff2cc562,31253
347,B,Remeha,4/16/2019,4/15/2020,62796599-30ea-4ad2-b0a5-4a8182a6970a,12815
348,A,Feenstra,9/7/2019,9/6/2020,480efa2c-4ddc-4da2-bf61-12d17f213427,45335
349,G,Vaillant,5/2/2019,5/1/2020,125b8cad-d45a-41d6-8253-c9f2babf6a7a,93864
350,C,Remeha,9/7/2019,9/6/2020,65ca8ff7-0163-4f03-aeb2-df0f098b52b6,21582
351,G,Feenstra,1/15/2019,1/15/2020,12bab8aa-4dd2-40fe-8ab2-3fc1955c649c,72435
352,A,Remeha,4/25/2019,4/24/2020,c8b124ec-8f3d-4d88-9851-1a7c62c09723,47354
353,C,Remeha,8/4/2019,8/3/2020,46c94761-6efc-4e85-b126-b7a792afce1d,43346
354,A,Feenstra,12/31/2018,12/31/2019,d13e9b77-f5fc-4279-bb6b-73d9bca09a1b,96834
355,A,Vaillant,8/9/2019,8/8/2020,aeea1351-4ef3-47d4-8523-236c1de3b527,54437
356,W,Remeha,8/3/2019,8/2/2020,33d2064b-e4ea-45b8-a413-7efe7a9bce72,73439
357,G,Vaillant,7/1/2019,6/30/2020,22b0708b-595a-4fa1-b2d5-f48b87766de4,65591
358,C,Feenstra,12/28/2018,12/28/2019,8f2f1754-52ee-4dfc-b8a3-c393878e1d9d,76625
359,G,Feenstra,10/31/2019,10/30/2020,e73c4a57-03b6-4829-ada8-da23dfd52344,77731
360,W,Feenstra,4/22/2019,4/21/2020,e14b4da7-9494-41f5-af52-c61c60dfa3cb,95587
361,W,Vaillant,6/20/2019,6/19/2020,2b766d45-0bf0-4757-89cc-99fa6d6fd95c,84224
362,G,Remeha,5/12/2019,5/11/2020,79d64550-4822-4964-8234-ed013f5e8820,18347
363,G,Vaillant,6/8/2019,6/7/2020,7df8eb05-74ab-47d6-83d2-b10da5d06bf1,46883
364,A,Feenstra,11/12/2019,11/11/2020,ba805fef-e69b-480f-9fa5-3875622b4849,45392
365,W,Feenstra,8/22/2019,8/21/2020,92feeed2-a9c2-40e7-bdf0-32c7a50f620e,29329
366,W,Vaillant,7/27/2019,7/26/2020,8166332e-8dd8-428d-a6a1-7d67f08f1b9d,91284
367,B,Feenstra,8/28/2019,8/27/2020,dcad954d-b7cb-4ee5-a2cd-5bd59a33754b,77565
368,G,Feenstra,11/23/2019,11/22/2020,bf3d5b07-d4e9-49c6-8dd9-fa7aa641d118,56987
369,G,Feenstra,7/29/2019,7/28/2020,6c401d78-e36f-4a56-b36a-3e1a124fa03e,76195
370,A,Feenstra,4/6/2019,4/5/2020,8052becb-08bf-489b-8ce3-ce41c215f9ad,53857
371,W,Vaillant,10/21/2019,10/20/2020,3c0c888f-acea-4902-bcf5-5776b52a14bf,52577
372,C,Vaillant,7/20/2019,7/19/2020,6b56f8ba-bfdf-44d4-9aca-09684db658b4,72739
373,B,Feenstra,3/12/2019,3/11/2020,6f102e8f-8e05-42f6-9ffc-bed810db8480,98562
374,C,Vaillant,1/21/2019,1/21/2020,afd33aa6-b659-4c88-a3b0-7ccf621477c7,47541
375,A,Remeha,1/11/2019,1/11/2020,13429da1-bc06-4717-9bb8-b6d1abb57f9f,23697
376,W,Vaillant,10/14/2019,10/13/2020,6f941bbe-f614-4f48-893e-d6df46de9f82,17674
377,W,Remeha,3/26/2019,3/25/2020,76ad8ab2-f863-41ee-875f-ca611cda8a9a,54712
378,C,Vaillant,12/16/2018,12/16/2019,878c5058-f573-472e-8af2-e2fca3c01695,63773
379,W,Feenstra,10/7/2019,10/6/2020,fb0749f2-619d-48a2-b18b-152447b2e2e0,75549
380,B,Remeha,7/13/2019,7/12/2020,601cbeb5-0257-48f2-9c9f-016cb3e906ae,91263
381,G,Vaillant,1/9/2019,1/9/2020,3b06146f-95e1-4a72-876a-c85164d11f7b,67276
382,C,Remeha,7/23/2019,7/22/2020,af9a86c1-706c-43af-9d18-793ec2046002,98939
383,G,Vaillant,5/11/2019,5/10/2020,886337fb-6d12-4b5b-b2cb-b90835cc5ce9,98694
384,A,Vaillant,9/9/2019,9/8/2020,26e01c95-0687-4930-93e2-88c824bae0d5,71569
385,A,Feenstra,9/12/2019,9/11/2020,a72076ca-d3f6-4f38-83f7-cca487486d88,59874
386,C,Feenstra,5/15/2019,5/14/2020,87477f1a-5c9a-4f97-a8a8-cf2db324592e,48887
387,G,Remeha,5/20/2019,5/19/2020,da4fc4c2-c1fb-46cd-9223-1129afdcfbe8,72696
388,G,Feenstra,9/15/2019,9/14/2020,ebfbc838-25df-4055-96e5-61777a217f20,83132
389,B,Vaillant,12/15/2018,12/15/2019,a6617607-42ef-4873-b27c-54bd4e0f77ae,51259
390,C,Feenstra,6/10/2019,6/9/2020,35cc3ebb-02d7-4763-a46b-e7543a29c525,17299
391,C,Remeha,7/30/2019,7/29/2020,5cc49b53-41ab-411b-b4ac-6e087efe415b,82379
392,B,Vaillant,11/16/2019,11/15/2020,a3081c1f-790c-48e2-94e6-9b66f7446fe1,78162
393,G,Vaillant,12/24/2018,12/24/2019,adc6ad3d-9bfa-468e-956c-06ca8b118250,14697
394,G,Vaillant,5/8/2019,5/7/2020,9f846d8c-9a11-46f4-a7fe-ad00f54a6c0b,52218
395,G,Feenstra,2/12/2019,2/12/2020,b7905510-2e20-4d4b-ba64-cf202203325d,21492
396,B,Remeha,1/22/2019,1/22/2020,72d15942-5f4f-4cec-8b71-f2e666dc987a,69652
397,B,Feenstra,1/6/2019,1/6/2020,5ef60b46-291b-46f3-923c-3315ee82f246,35324
398,B,Remeha,7/24/2019,7/23/2020,cb2d4aac-afc9-4580-a035-7053ca7baf69,58766
399,B,Remeha,8/3/2019,8/2/2020,f0047ad5-6cbc-4728-a19a-574aee03c205,78443
400,C,Remeha,3/18/2019,3/17/2020,0ef1b516-a7d1-41fe-b5c4-7e815c47bc16,57693
401,G,Vaillant,12/14/2018,12/14/2019,0601c1f5-dbd9-4276-9181-db77836d828a,85178
402,W,Vaillant,1/17/2019,1/17/2020,e92554d8-15e8-4633-acfb-ef3117b8cfc1,89724
403,C,Feenstra,3/18/2019,3/17/2020,1a100eb8-8564-41a7-8e26-440532391e47,72533
404,C,Remeha,4/14/2019,4/13/2020,913f5b0c-1ef3-450d-9c02-9ab11ce203c5,52742
405,A,Remeha,5/27/2019,5/26/2020,8c97fed6-ee65-4403-bb16-f618fad3f35d,98478
406,B,Remeha,3/11/2019,3/10/2020,f3eb9f30-c1bf-4ce4-a13d-bc7a0f9ed2c5,14989
407,G,Feenstra,2/6/2019,2/6/2020,2aaeff10-80d0-4492-a1c0-84fddda4e914,92384
408,B,Feenstra,4/3/2019,4/2/2020,f0624342-d2be-4541-b784-466e576817c2,56558
409,G,Vaillant,6/21/2019,6/20/2020,257d6ce2-3297-445a-9a3d-7741f5f05077,12997
410,C,Feenstra,7/28/2019,7/27/2020,9f4d3b6d-d4b1-405f-aa85-2e31a51b5efe,29434
411,C,Remeha,5/18/2019,5/17/2020,8ed0accf-0b95-4562-8423-8fd2d5626fc6,49299
412,B,Feenstra,9/20/2019,9/19/2020,0e23de55-a6bc-41f5-b91f-c6fcf6e738e6,77845
413,A,Remeha,7/19/2019,7/18/2020,9a988916-68ff-4402-a256-31b359dc8fe9,71195
414,A,Feenstra,3/9/2019,3/8/2020,68f51b75-eb57-4f73-bf6b-1060830b9e28,34161
415,W,Remeha,9/26/2019,9/25/2020,cef9d98c-a4e6-4b27-a5b1-fbbbd4b9b85b,32183
416,W,Remeha,1/8/2019,1/8/2020,6880e7e2-acb1-450f-a762-a5c353d2a004,41179
417,W,Remeha,6/4/2019,6/3/2020,062e7e1a-4e32-407e-9ca6-60da4be9f4d2,78959
418,A,Vaillant,12/8/2018,12/8/2019,007ffecf-5c74-4d7c-8c8c-94e5ab2c6ef1,33635
419,B,Feenstra,7/13/2019,7/12/2020,fe87f375-3c92-48b9-a315-1a3279b433d8,86575
420,G,Vaillant,6/5/2019,6/4/2020,05ab845c-8b7c-4f62-963a-e8738d8b4a40,14293
421,A,Feenstra,6/20/2019,6/19/2020,fb4f7e52-d0e7-4c96-8f5f-912d23e3fca8,96351
422,B,Vaillant,10/8/2019,10/7/2020,7f417fd7-8d06-4840-947a-7ffbd5ee2083,79694
423,B,Remeha,5/4/2019,5/3/2020,6d7289a8-deec-461d-bb2c-4655c38a6ce5,75269
424,G,Remeha,8/2/2019,8/1/2020,4a6f1528-0809-4781-829a-3c9f16afd132,96417
425,A,Feenstra,2/7/2019,2/7/2020,30aeda6f-47e5-4fba-a1e5-a356d466d814,64318
426,C,Feenstra,8/30/2019,8/29/2020,6c224fd1-41c2-4e00-ad92-c548e121ced9,19518
427,W,Feenstra,9/7/2019,9/6/2020,29366369-a178-46f6-b14f-c735e6d2e532,46797
428,A,Remeha,8/21/2019,8/20/2020,5e05570e-151f-4293-8812-0724f49b19d6,46788
429,C,Vaillant,12/23/2018,12/23/2019,9f1e1ae7-cc9b-4982-8d2f-66ba2573b2a7,44683
430,W,Vaillant,12/15/2018,12/15/2019,3ce15cea-919e-4f66-98b4-120861886199,11468
431,A,Vaillant,6/7/2019,6/6/2020,3192d416-3852-4a9a-a2c8-adb94aff5b13,53842
432,C,Feenstra,3/11/2019,3/10/2020,6d378b23-cc4e-415c-924a-8fb43fb7ad26,98874
433,B,Vaillant,3/29/2019,3/28/2020,4bb55b30-2f86-4f9a-92d1-6c7bc8f250e0,66851
434,C,Remeha,10/9/2019,10/8/2020,8323c191-7a79-4b6b-83c3-dcb731cdebd3,66751
435,G,Vaillant,2/4/2019,2/4/2020,1b9ecadf-1c22-4d3b-bc2a-c2127b9caa0c,65923
436,C,Remeha,5/25/2019,5/24/2020,3a75a8a5-a8a1-4d6e-b402-ec9bcb2bda8d,93658
437,C,Feenstra,12/2/2019,12/1/2020,41b505c8-2d34-4867-9d61-bd67d4a7e9a4,13132
438,B,Remeha,10/10/2019,10/9/2020,83dee39b-5c27-4abd-ae2a-80d32019a8b2,61679
439,C,Feenstra,5/29/2019,5/28/2020,c23b8641-f398-4942-b58f-8a77a21742f1,86823
440,A,Remeha,5/22/2019,5/21/2020,e5d8b6c9-b224-4466-a8c9-bf3fed345169,87286
441,B,Vaillant,1/1/2019,1/1/2020,a390c5bc-f84a-4679-9753-a8a570806c26,36787
442,A,Remeha,2/2/2019,2/2/2020,6326245b-c8be-444b-a782-27d123f7db36,12173
443,G,Vaillant,7/15/2019,7/14/2020,e3b51654-2126-445b-857a-280c20b71d9c,34757
444,A,Remeha,5/25/2019,5/24/2020,d89e92f4-8fc2-45c7-baa3-a8fe7ac2911b,62825
445,B,Remeha,7/31/2019,7/30/2020,5618722b-3d2a-4178-b46e-643bda5c2932,75116
446,G,Vaillant,10/3/2019,10/2/2020,7d11b15d-807f-4620-a879-02759a1189b4,26188
447,C,Vaillant,5/6/2019,5/5/2020,328bc116-e7a9-4ca9-a7da-520b20164dae,48371
448,C,Remeha,2/19/2019,2/19/2020,43d6064e-9877-492e-83cf-bba8895f94a0,95269
449,C,Vaillant,9/4/2019,9/3/2020,9da4f64b-5594-4487-8b82-832e4e953dc3,37229
450,B,Remeha,1/25/2019,1/25/2020,6b2127ae-8f9b-434f-80cf-4957c4ecfff9,97961
451,B,Remeha,2/2/2019,2/2/2020,bc0a4969-e9c5-4a0f-bb9f-d7f32ed5e414,23336
452,B,Remeha,5/26/2019,5/25/2020,1f514df2-e9dc-459f-9b1c-6feeb1e5e246,21425
453,W,Vaillant,2/2/2019,2/2/2020,6822f458-00f6-4ed3-887d-b65a2ed6bd40,95196
454,W,Feenstra,5/5/2019,5/4/2020,7ddeedcc-9763-4982-a09d-7e756eff0a73,29676
455,A,Vaillant,2/15/2019,2/15/2020,9cb1b8a9-1ea2-44c3-8924-7d0db449cb40,44373
456,G,Feenstra,2/18/2019,2/18/2020,d5c85949-d611-41e4-ba5c-c73e5c4c66bc,32851
457,G,Feenstra,5/5/2019,5/4/2020,314587da-de67-4b44-8425-93e756bcd799,88298
458,B,Remeha,3/14/2019,3/13/2020,fd56191c-af9e-4eb3-8371-c2a4ec1ab8c3,21482
459,G,Remeha,8/21/2019,8/20/2020,323a7324-bd8f-491a-8e2a-2c765f34d0b5,61797
460,B,Vaillant,5/21/2019,5/20/2020,88d06c73-1899-4221-9066-e6a27a54c9d9,69699
461,A,Feenstra,7/10/2019,7/9/2020,d5f5733e-5c1e-444b-8bcf-7cdfa1ca9f5c,86562
462,G,Remeha,5/9/2019,5/8/2020,540c7663-43e4-4467-be23-488dd8882a53,76348
463,G,Remeha,8/12/2019,8/11/2020,c2788591-1219-4b96-be10-088338e7ce1b,57341
464,W,Remeha,2/16/2019,2/16/2020,dbdd871d-8d86-457e-bd97-142dcb48646f,49923
465,A,Vaillant,1/6/2019,1/6/2020,8b01b96f-a9e3-418f-b9dd-659701a0cbdf,18688
466,G,Vaillant,5/16/2019,5/15/2020,4e0fdba3-1f2c-44ac-b44d-24bcf3c85f94,82397
467,W,Remeha,4/14/2019,4/13/2020,d92ff758-900d-41fe-b6ee-34b29fea8bb1,53113
468,W,Feenstra,1/1/2019,1/1/2020,64564911-909b-4126-b9c7-f8d0d954f784,16193
469,B,Vaillant,2/12/2019,2/12/2020,7c4ef209-b378-4616-9065-68e4188ed1cd,37527
470,W,Feenstra,6/15/2019,6/14/2020,60f1edc8-3dc8-4028-bacc-683d0f2dbcc2,45125
471,A,Vaillant,9/23/2019,9/22/2020,21f6ff2c-c800-4660-849a-1368d69659ad,14385
472,B,Vaillant,12/25/2018,12/25/2019,d4bce702-14f4-4c73-87d8-bf388bbd3348,29222
473,G,Remeha,12/4/2018,12/4/2019,a5e23fa0-b609-4b83-ad45-368c66745ad1,79718
474,A,Vaillant,3/31/2019,3/30/2020,62b3e7e2-c387-45f7-868c-43bcff2424d8,93383
475,W,Remeha,10/29/2019,10/28/2020,e6da9638-8b88-4665-98ad-16ed2a710798,96864
476,B,Remeha,2/7/2019,2/7/2020,04f786f5-b940-4bd0-afa2-bec1c32e84dd,58261
477,A,Feenstra,11/13/2019,11/12/2020,2ca08282-4130-4fd5-8dea-24ecdd899856,66835
478,G,Feenstra,12/21/2018,12/21/2019,c2e8af4c-659b-4fff-a180-5a2cae888d85,25961
479,W,Feenstra,9/26/2019,9/25/2020,2a412439-29e1-4016-b35f-70d902f4b50a,69553
480,A,Remeha,2/7/2019,2/7/2020,8508d702-e213-40a0-84af-2a9283333a3c,32672
481,B,Remeha,1/28/2019,1/28/2020,35c86a2c-17d3-4e35-90ef-8cb6e980b502,95332
482,B,Vaillant,5/26/2019,5/25/2020,848f3507-58df-420f-af8c-ac8f995123b8,59532
483,B,Feenstra,10/19/2019,10/18/2020,270efc13-6c44-457d-9460-4a4171672b39,96252
484,A,Feenstra,6/8/2019,6/7/2020,69d1d76a-16f2-4b35-841b-f0506dcba7b0,82799
485,B,Remeha,6/7/2019,6/6/2020,066eedc4-a9c4-45fc-b8f3-c4ed35b5d627,11199
486,C,Feenstra,4/1/2019,3/31/2020,9cad9c5f-a83a-42bd-9ad7-e7e419da630e,32167
487,A,Vaillant,10/26/2019,10/25/2020,307c54a3-cc89-4069-a2e8-937b73fb04bb,64317
488,B,Feenstra,2/8/2019,2/8/2020,256fd195-59ee-4cd3-b54b-5d4c5797bc4a,59315
489,B,Vaillant,9/17/2019,9/16/2020,3d565ce1-6007-4aff-916e-278a37340d30,45736
490,B,Vaillant,6/6/2019,6/5/2020,6837b84b-f8d4-48a0-8a23-89cbdf8cc9f0,19216
491,G,Feenstra,4/28/2019,4/27/2020,198b22cc-95e6-4709-a8b1-ce4a1489de84,61842
492,A,Remeha,9/15/2019,9/14/2020,fb961a2c-41dd-47c6-ba72-4f159435d3d8,89198
493,B,Vaillant,12/16/2018,12/16/2019,c5ee6f8b-6141-48b9-b8cc-727d8034244d,18941
494,A,Remeha,6/21/2019,6/20/2020,4ea7f192-430e-49c5-82e9-7151ccb74351,65674
495,B,Feenstra,8/6/2019,8/5/2020,8570afec-ccd1-45c6-af8e-b72c69a7e8d9,96821
496,W,Remeha,7/13/2019,7/12/2020,cb4dae12-0936-4633-87b0-036b10119a96,94983
497,A,Vaillant,4/11/2019,4/10/2020,59356a09-1192-4bd1-8d67-b75b2d5fae51,34989
498,G,Feenstra,8/29/2019,8/28/2020,0abd62ff-8988-4649-b4c5-190d50813934,24889
499,A,Feenstra,5/6/2019,5/5/2020,cc0b23b3-c92a-4486-b829-aa6d7db75dec,62675
500,C,Remeha,9/18/2019,9/17/2020,b963896b-7b57-4e82-87cf-d73bfe38f119,47139
501,B,Vaillant,5/31/2019,5/30/2020,8670c19a-169c-4870-8dd5-29c3dbc31fd5,79878
502,B,Vaillant,5/5/2019,5/4/2020,70b0c36d-6a8e-40f0-aade-56b4d2f58ef0,68914
503,A,Vaillant,1/20/2019,1/20/2020,410719d2-953d-4f51-8a2b-25612b0ceb63,81345
504,G,Remeha,9/10/2019,9/9/2020,54fecce5-aaeb-40cb-af2e-a65a23f8d609,38518
505,B,Vaillant,5/6/2019,5/5/2020,2dd4f5e8-422e-4de8-9054-0be244d60728,26789
506,C,Remeha,3/10/2019,3/9/2020,18d0362d-7fe5-4651-aa94-99c945029858,47614
507,B,Feenstra,12/10/2018,12/10/2019,f834b0ea-db40-4f92-82d6-1a66d1c7e69b,23961
508,G,Vaillant,6/11/2019,6/10/2020,d259d15f-ed9d-482e-b5bc-1e8c7e73b579,86515
509,G,Feenstra,1/27/2019,1/27/2020,3d869ca1-3022-4a76-b00f-8b82590e34a6,31276
510,B,Feenstra,7/23/2019,7/22/2020,af1ef881-1484-48e8-afbb-f92c1563b22f,52284
511,B,Remeha,8/6/2019,8/5/2020,88efb7d4-481f-4027-8400-16493f28de79,92867
512,G,Vaillant,4/26/2019,4/25/2020,e429810f-c391-4d78-ae67-59b3b54ab64d,16519
513,B,Vaillant,12/17/2018,12/17/2019,dae0cbac-0448-44c2-94c1-ad29062500e6,63542
514,C,Vaillant,11/22/2019,11/21/2020,2d02ec87-1842-449d-b8b6-a5e7a89541fd,23517
515,B,Feenstra,5/19/2019,5/18/2020,2d0a5639-d1ad-45b5-89c3-fb64b52a42f3,12255
516,W,Feenstra,11/2/2019,11/1/2020,53621995-5ecb-4198-80b5-0f6b98ce8dd1,77922
517,C,Vaillant,5/30/2019,5/29/2020,2a5ba51b-3d7d-4fee-9d55-9fb5813d48a5,92781
518,W,Feenstra,9/18/2019,9/17/2020,717dbc94-1332-449e-a054-2c5cb697edb9,46584
519,B,Remeha,1/6/2019,1/6/2020,02cbd680-390b-48d9-b639-dbad4748e07a,25747
520,G,Remeha,7/12/2019,7/11/2020,c347e8bc-2a2c-414f-a781-b8864a808f42,54661
521,W,Remeha,7/5/2019,7/4/2020,a62163a7-ddcc-441e-b859-d6d75745b414,67655
522,W,Feenstra,3/7/2019,3/6/2020,d30d4629-8dd7-4390-b899-1613e03142e3,36697
523,B,Remeha,3/26/2019,3/25/2020,8fd76784-7911-4d0d-a6cd-59e8aaff42a8,82881
524,A,Vaillant,3/13/2019,3/12/2020,c5f3e82d-75ff-49b8-8bec-d503098cf19b,43974
525,G,Feenstra,4/20/2019,4/19/2020,8a2e4380-7064-4657-957d-e0b150963ef2,63498
526,C,Remeha,6/23/2019,6/22/2020,d3f79e13-5501-4741-ba3a-26208960b0b9,44811
527,G,Feenstra,8/6/2019,8/5/2020,a3f456e8-63e2-4dd7-bbe7-99c322c513a0,34178
528,W,Vaillant,8/15/2019,8/14/2020,26d56594-edd4-4c3d-b53d-f6f0b17b9769,84296
529,G,Vaillant,1/11/2019,1/11/2020,2db03794-1d05-4c25-be38-13a393a6d40f,68193
530,B,Feenstra,8/2/2019,8/1/2020,c58f7d13-65a0-46e1-8b69-3fbf9f93c1d8,98741
531,C,Feenstra,11/27/2019,11/26/2020,19ddcaa8-69da-430d-b17e-f2be252192fe,69853
532,W,Remeha,4/16/2019,4/15/2020,401b09f3-6f0e-4b69-843f-1036ff0d45ad,55427
533,A,Remeha,11/2/2019,11/1/2020,5ef77209-d8d1-4525-a2bb-d35bcbff7004,23229
534,W,Feenstra,4/15/2019,4/14/2020,ce9f0dd9-9795-44ea-9188-3a8434b9bcda,94223
535,C,Remeha,4/17/2019,4/16/2020,f2fac074-1d64-4f88-a289-8f14d587298c,15789
536,G,Remeha,9/4/2019,9/3/2020,b48392f8-7665-44e7-b01f-b134d7e29578,41681
537,B,Feenstra,1/25/2019,1/25/2020,bff38b20-7e67-46be-8ee5-f021351d7daf,21911
538,B,Vaillant,8/2/2019,8/1/2020,36e78139-6852-4157-9f30-4109deedabec,46254
539,A,Feenstra,6/3/2019,6/2/2020,c10ed43c-2b2e-4961-be44-3742f4399ef9,39237
540,W,Vaillant,2/11/2019,2/11/2020,15a874dc-2aeb-402f-8b2b-c677e535e536,54975
541,W,Feenstra,4/26/2019,4/25/2020,e77583fe-a5cf-491e-b9d6-9f774a7692b4,94278
542,B,Remeha,2/9/2019,2/9/2020,fdf0ff0e-14af-462e-9968-3208533082f5,45216
543,A,Feenstra,1/21/2019,1/21/2020,208fc74b-a1aa-4b30-9af2-be863cd2cbbf,59929
544,B,Remeha,1/2/2019,1/2/2020,d54f7021-3ba1-4bef-83c6-2f1802c05f9d,56378
545,B,Feenstra,6/9/2019,6/8/2020,f6405a60-098a-4179-a013-2e357d456ed2,63428
546,C,Remeha,8/27/2019,8/26/2020,a092786e-a326-4364-b708-ec3d09614907,89782
547,B,Remeha,2/27/2019,2/27/2020,e2d358f7-3d8c-4a55-8e93-4dbb5faa81ea,56353
548,C,Vaillant,12/13/2018,12/13/2019,20046a97-4328-4a88-9c89-85653e075173,53697
549,B,Vaillant,4/6/2019,4/5/2020,82e54bdb-170d-47f7-b44a-54a27b5296f3,27733
550,W,Feenstra,2/13/2019,2/13/2020,22afbf1c-e578-498b-92c4-23fe7c03b3fc,92936
551,G,Remeha,10/10/2019,10/9/2020,a5da2305-6135-4ed7-b85e-a6b79e6c378b,28224
552,B,Remeha,10/25/2019,10/24/2020,f50c514c-3c0f-4e27-83f8-77559e354af5,51341
553,G,Remeha,5/17/2019,5/16/2020,c8da5e46-bdb2-4fb0-85f2-3bcddc623a41,33885
554,W,Remeha,10/14/2019,10/13/2020,f9564481-5889-4981-a833-8ce267c754ad,76765
555,B,Vaillant,10/27/2019,10/26/2020,82ddc998-41a2-4be0-aab8-3a0764eb9c24,49567
556,C,Vaillant,10/8/2019,10/7/2020,7c607f43-3ee3-4d68-8cc2-7b03dc8c1750,58943
557,C,Vaillant,11/8/2019,11/7/2020,8b6d377c-8f1e-4e88-bf7f-d9fdc08443a8,99561
558,W,Remeha,3/24/2019,3/23/2020,0800007a-a6b3-4b9d-a596-8c840308bcd6,87977
559,G,Remeha,9/21/2019,9/20/2020,27cbd9ba-8227-4c81-ba14-1d39c5d93444,73247
560,B,Remeha,2/5/2019,2/5/2020,6c58b896-20dc-4ab1-82e9-b2e6a2a373b2,27598
561,B,Vaillant,4/5/2019,4/4/2020,6dde7f94-d923-41ab-9b87-d6570c163e28,89723
562,C,Feenstra,10/31/2019,10/30/2020,9e697148-2673-4236-8cb5-460a7eaff519,32235
563,B,Feenstra,7/23/2019,7/22/2020,f67646ba-15a1-4335-a425-9b8aff69f63e,94259
564,B,Vaillant,6/29/2019,6/28/2020,9880cf40-bc69-42ad-a7b7-ea6e408f8ee2,77649
565,B,Remeha,12/31/2018,12/31/2019,f0b5e025-efde-436a-8595-d5e553323095,75167
566,A,Remeha,2/15/2019,2/15/2020,44f8ed0d-2593-416d-a423-03d7a1566724,84825
567,B,Vaillant,5/16/2019,5/15/2020,f2f2e9a4-1423-4793-9e9c-ecf5aa6efa89,65568
568,W,Feenstra,3/20/2019,3/19/2020,5b121a7c-4c9c-48e9-8cd5-bf14df3bad41,17152
569,G,Vaillant,10/6/2019,10/5/2020,138f8599-ab40-409f-9c32-788e89207035,99956
570,G,Remeha,7/24/2019,7/23/2020,0f138ba0-e4c8-49a1-8c28-cda844ddb662,74364
571,B,Feenstra,12/10/2018,12/10/2019,1e532456-d648-46d9-aa04-e768afb2be05,67553
572,W,Remeha,3/2/2019,3/1/2020,d7e84247-fe4b-4bb9-978d-e950e014134a,64637
573,A,Remeha,5/21/2019,5/20/2020,091d1c8a-3fc3-4f18-a43b-fb1964eef0c6,58577
574,C,Vaillant,9/25/2019,9/24/2020,a602a1da-3069-4120-88ff-faf6caf2e561,17513
575,C,Vaillant,3/28/2019,3/27/2020,fc1e7371-91e2-4d2d-87a6-bb466e8110ce,16957
576,B,Feenstra,12/1/2019,11/30/2020,fcace0b9-b99b-4a79-b50d-f9f82c1a07d2,26672
577,W,Feenstra,11/26/2019,11/25/2020,eb5bb939-d48d-4bd5-beca-87241cd3047e,43868
578,W,Remeha,2/16/2019,2/16/2020,f81f68ad-4d52-432b-9c89-2d233a99c58f,22135
579,C,Vaillant,12/24/2018,12/24/2019,e13630a2-d777-46fc-a530-f3e4e551b016,21786
580,G,Vaillant,2/16/2019,2/16/2020,44b699df-a509-4ec5-b720-89e63f6bd9aa,45814
581,W,Feenstra,7/21/2019,7/20/2020,fa4c4587-e8e8-4461-85c4-96529445ec0d,48743
582,W,Feenstra,4/27/2019,4/26/2020,1b225d33-59b2-44d9-aed9-870e32f56141,75946
583,A,Remeha,12/24/2018,12/24/2019,cdaae90c-8b0a-4f3f-990b-e9f14cc0a840,84237
584,W,Remeha,8/20/2019,8/19/2020,98d36f86-bec0-4773-af26-a3bf273d61b7,74623
585,B,Feenstra,7/14/2019,7/13/2020,fa055e79-9a7c-4b90-913d-1e285fd1da21,87154
586,C,Remeha,10/22/2019,10/21/2020,e9eb83d4-3b2a-4736-9e24-19573e3e3b74,22859
587,B,Remeha,5/18/2019,5/17/2020,45bd412b-c12a-4739-acd6-e0d7d59297fe,25665
588,G,Feenstra,2/16/2019,2/16/2020,8d5238be-2c27-4d6b-84f6-2cfe3cbc7254,16785
589,B,Feenstra,9/11/2019,9/10/2020,5af86046-4880-4a7c-bef1-cdf3e637549e,16917
590,C,Vaillant,7/7/2019,7/6/2020,38153586-89b9-4e71-9623-cec8e02ac33d,99841
591,A,Remeha,9/22/2019,9/21/2020,65008cca-70f3-4dc1-b547-158e0615197a,71953
592,C,Remeha,8/10/2019,8/9/2020,38efb393-f72a-4982-9b37-ff1ac83b0c56,88993
593,A,Vaillant,9/8/2019,9/7/2020,df7b84fa-7af5-4aea-a86a-9008b0f722e4,79355
594,W,Feenstra,8/23/2019,8/22/2020,abb86fa8-ee4a-49b1-8ae8-1d28ad1827ef,77812
595,B,Vaillant,1/1/2019,1/1/2020,8208d2b4-908a-40cc-a738-a4382b7cbeba,22973
596,W,Remeha,6/24/2019,6/23/2020,4015baeb-bf5e-41e9-ad76-2e53d436df00,12281
597,C,Remeha,4/20/2019,4/19/2020,19ef0266-dc5f-4603-82cb-ae1128019233,64516
598,G,Feenstra,10/15/2019,10/14/2020,85552b93-276d-44e0-93f2-da5c1f4611ab,86377
599,W,Remeha,4/8/2019,4/7/2020,eea70797-0505-48fe-acc3-1777fd41241a,41931
600,A,Vaillant,2/21/2019,2/21/2020,44632115-8ecb-4931-a6be-b98c5e4433fd,32369
601,A,Feenstra,10/4/2019,10/3/2020,c5ff3b53-09f9-4c22-9a48-13fce38da4b6,27298
602,W,Remeha,3/27/2019,3/26/2020,c97c5de1-4bca-4c7e-8aa5-23b048337c98,88784
603,A,Vaillant,12/1/2019,11/30/2020,729102f2-c721-4000-8ff8-fe16cf954d1b,64445
604,A,Feenstra,7/21/2019,7/20/2020,d41fe94c-df4f-49d0-99e5-d04720f5beec,83657
605,G,Feenstra,8/31/2019,8/30/2020,f58779a4-59f0-4590-90c9-c6806e7587c3,47868
606,C,Vaillant,1/17/2019,1/17/2020,91418b29-23b7-4194-bfea-93f6d685dcc9,74593
607,C,Feenstra,12/30/2018,12/30/2019,de2cc309-5c94-453b-8b78-1c81c9a3c794,34149
608,A,Feenstra,1/18/2019,1/18/2020,c247c139-3d04-4de5-956d-2e6499b17816,11437
609,G,Remeha,6/28/2019,6/27/2020,d25d8361-9565-4242-92a8-005c00f04866,97638
610,G,Feenstra,8/9/2019,8/8/2020,7e07864b-1b9f-4554-bd9c-3ada4eefeb87,91794
611,W,Remeha,10/28/2019,10/27/2020,e18a1eb3-fc62-4323-bff5-23668bdc0ccb,36454
612,B,Vaillant,7/22/2019,7/21/2020,fa7a48fa-e2a1-42c5-8ec4-3555ac51d982,65334
613,A,Vaillant,8/20/2019,8/19/2020,562e7f55-0b3c-4e5f-86d8-cdbcfd711c04,41799
614,G,Vaillant,8/8/2019,8/7/2020,72c6ec35-a00f-46aa-a30f-95a8eae3e5be,15478
615,A,Feenstra,4/13/2019,4/12/2020,a71c7b26-37f9-4035-af95-6b68029d4e48,67413
616,W,Remeha,11/8/2019,11/7/2020,87565cbe-55b5-45db-b8b4-57b4ef79b75d,95186
617,B,Remeha,5/20/2019,5/19/2020,8350cc7b-73de-4b09-9e5a-5e56c55376d2,97992
618,C,Feenstra,11/16/2019,11/15/2020,e5d8f22e-456c-4fa3-9826-30ce89da888a,34259
619,W,Vaillant,12/13/2018,12/13/2019,fe9bc6dd-1060-4b6d-b284-8e0e07394b84,67812
620,W,Remeha,6/27/2019,6/26/2020,701fefd4-af8e-4dd5-93d5-189fa25ceced,57222
621,C,Feenstra,12/6/2018,12/6/2019,f3dd84d9-0d67-4120-95ec-a7f1cbf172fe,75295
622,B,Vaillant,11/23/2019,11/22/2020,6b9cb153-6d81-4fa5-a272-11556cc3d65f,81963
623,W,Vaillant,4/16/2019,4/15/2020,0c007554-02b1-4b72-aa2c-fe5e783ed1ff,84265
624,B,Remeha,1/5/2019,1/5/2020,9a74c573-b29c-4b72-b6fd-90e284122dde,31165
625,W,Vaillant,4/15/2019,4/14/2020,82d7f05a-6cce-4821-b964-a52b122bbd59,21879
626,B,Remeha,3/13/2019,3/12/2020,148bf529-4e04-4cbe-a28e-7045391fa627,95566
627,C,Remeha,2/6/2019,2/6/2020,11632994-27fa-4808-8d28-557ec0305cfc,26147
628,W,Vaillant,11/20/2019,11/19/2020,3c519126-f9b2-4690-be2b-cda162f7cc91,33661
629,A,Feenstra,7/17/2019,7/16/2020,c157c748-d317-4293-906e-bc5630be5028,49432
630,B,Remeha,11/8/2019,11/7/2020,c06ec3de-07d1-4b93-82e1-36405dfacec5,15255
631,A,Vaillant,3/6/2019,3/5/2020,674b1baa-d0f7-4b50-8b47-e466836573f2,35659
632,G,Feenstra,12/19/2018,12/19/2019,81cab607-db50-43b9-a5bc-c9e6f0c35d61,33787
633,A,Remeha,7/31/2019,7/30/2020,fda5678e-81bc-409e-b5b8-278dff85905a,68275
634,B,Remeha,9/12/2019,9/11/2020,f98dd911-273f-4dd3-bd54-823792649ae0,96397
635,G,Vaillant,7/21/2019,7/20/2020,1dd13cd5-fc06-4a69-a6d7-1f14a376d2ce,79559
636,W,Feenstra,8/9/2019,8/8/2020,123213c7-1a28-461c-8c66-bc28cb4f94fc,32159
637,G,Remeha,4/13/2019,4/12/2020,a34c8012-daba-4ec1-9f85-c36673999c92,25315
638,A,Vaillant,11/30/2019,11/29/2020,e1d53837-7ab2-4850-ae09-7031906f1833,39955
639,A,Remeha,8/1/2019,7/31/2020,33abca72-f1c2-4a6f-a4e4-8ed458f86ff0,69699
640,G,Vaillant,3/20/2019,3/19/2020,79e430e6-53bf-4f5d-9419-57fa345e71b2,62694
641,W,Remeha,1/3/2019,1/3/2020,a0841323-6a70-4039-81d6-a8bbb48fd317,36354
642,C,Vaillant,7/18/2019,7/17/2020,c9987006-7342-440d-a106-710a3d797b83,44963
643,A,Remeha,11/24/2019,11/23/2020,860e7432-f347-4ef7-accb-29d50fe3ff21,73468
644,C,Vaillant,7/6/2019,7/5/2020,9b15c4fd-08a5-43e1-abba-2c40238b5d7a,28156
645,A,Vaillant,7/22/2019,7/21/2020,df9726fe-5545-4be3-aa8c-93e20eb46f8e,63826
646,C,Vaillant,4/15/2019,4/14/2020,36aba5a1-68d6-4d8d-bedb-4e36c8ff6f7e,68871
647,G,Feenstra,2/22/2019,2/22/2020,e84ddced-3943-4c53-b330-cb686988abb7,84371
648,G,Vaillant,3/11/2019,3/10/2020,95b0686a-15e8-42b7-97ff-156dde38a64f,75177
649,B,Feenstra,6/17/2019,6/16/2020,9623d8b1-2c85-497c-aaac-87b3722cdc9c,15439
650,A,Vaillant,4/17/2019,4/16/2020,f65f99ee-42f5-4c14-af2f-857d2e694578,46114
651,A,Remeha,1/19/2019,1/19/2020,62fba6a3-e0b4-4da4-8e21-ef131fc54eaa,65193
652,C,Vaillant,8/4/2019,8/3/2020,d706c989-6b97-47ae-82be-2849c9214fbb,19158
653,A,Remeha,6/26/2019,6/25/2020,bb2b3e59-229c-4e9a-9463-85c5e8c91713,91543
654,G,Vaillant,7/8/2019,7/7/2020,69bcc1a8-0e55-47c8-b6a5-126f5b69ec86,86742
655,A,Feenstra,11/21/2019,11/20/2020,043e4005-2557-4c2c-8c35-5e893336caa0,71481
656,G,Feenstra,12/10/2018,12/10/2019,e04ddbcd-31d2-4617-bc6b-499a60aa67bc,65858
657,W,Remeha,6/24/2019,6/23/2020,af7d1c24-6c1f-4c85-95a0-e7f41018acff,64799
658,A,Feenstra,5/18/2019,5/17/2020,76235851-a90d-4d5f-b8d0-2b277e723f0e,37112
659,A,Remeha,2/16/2019,2/16/2020,1e5ce9e2-1523-4647-a289-91377b0f1dc0,43138
660,G,Remeha,3/22/2019,3/21/2020,2b2985d5-34f4-46c2-965a-c535d00dea6c,47473
661,G,Remeha,10/9/2019,10/8/2020,e3df1cd5-0ea8-4893-afdd-37e4ad7628af,77565
662,W,Remeha,2/19/2019,2/19/2020,23465f6a-0e06-49df-bd77-b03a6d407194,53446
663,A,Feenstra,3/20/2019,3/19/2020,8bd7f3d3-ffcb-44a4-8449-353a37916f3b,19915
664,B,Vaillant,6/12/2019,6/11/2020,72ff6a8c-da62-41be-a851-dac0df53c4e4,43446
665,B,Remeha,9/25/2019,9/24/2020,75581ef2-10c0-4bb4-bb12-d417f0abcaa5,83993
666,A,Remeha,11/10/2019,11/9/2020,e53933c9-523c-4272-a200-f9f7128d5198,43866
667,B,Vaillant,5/1/2019,4/30/2020,919edefe-e29c-47e4-9b74-7a1749d072d1,44833
668,C,Feenstra,8/29/2019,8/28/2020,0216fabe-7ff4-4198-aba9-b42937fbcb97,73926
669,W,Vaillant,9/4/2019,9/3/2020,e409b579-5497-4986-bb8f-1d63876f5a84,96184
670,A,Feenstra,2/12/2019,2/12/2020,b93d6573-24bb-4402-9a09-4e7471705382,46227
671,B,Remeha,12/12/2018,12/12/2019,ecd26674-04b6-4e5f-9b83-8368d1445227,67393
672,C,Vaillant,9/24/2019,9/23/2020,42169b20-31d2-4aa2-9d6b-d69d9d42a411,29863
673,W,Vaillant,8/23/2019,8/22/2020,61922966-20e9-48f8-964a-32db9a060d62,46578
674,C,Remeha,11/26/2019,11/25/2020,33412cb6-130a-494f-83de-a33d9f1317b3,95367
675,B,Vaillant,8/16/2019,8/15/2020,823f9cb5-b052-4cc8-8250-62c7834b4a9b,61812
676,G,Feenstra,2/25/2019,2/25/2020,29ecff03-322e-4dc4-9bb1-fdb26b13ca3d,14325
677,G,Remeha,8/29/2019,8/28/2020,7ce908d3-f84b-4372-9a40-e09625098892,45652
678,W,Remeha,9/8/2019,9/7/2020,8884e0dd-648a-4869-9c2f-2921858f9ba8,39681
679,B,Vaillant,9/2/2019,9/1/2020,872bfa1a-4dd6-44ac-adc1-ee3a489f62d3,55256
680,G,Vaillant,8/11/2019,8/10/2020,0a315600-8f6b-40ab-a7cd-d64951ccea8a,75297
681,W,Remeha,5/1/2019,4/30/2020,3f548aa7-5518-4e52-9a06-59e99851bcf7,79587
682,B,Remeha,7/11/2019,7/10/2020,74634621-71b3-4aa0-9874-ea23f9f68882,86318
683,W,Feenstra,11/23/2019,11/22/2020,5f643ae1-9b2d-4510-ba5a-dfbb223abe15,34174
684,G,Feenstra,11/22/2019,11/21/2020,d2784c3a-8c0b-40dc-a2d4-b56f618fc84e,87979
685,W,Remeha,3/24/2019,3/23/2020,f45c7c3d-6914-44aa-bdda-2e99a0364ebf,45923
686,B,Feenstra,8/1/2019,7/31/2020,a6753147-0e56-4579-9bde-3b0464f0c652,72448
687,C,Vaillant,1/12/2019,1/12/2020,4a2d04e8-0731-452a-95cd-de71db4129ed,19994
688,A,Vaillant,10/30/2019,10/29/2020,e8bb5724-be39-42a6-bf70-d6f4d6012f63,96756
689,G,Remeha,5/12/2019,5/11/2020,1f639963-8830-415f-be66-47be1b9ff711,27339
690,C,Remeha,12/5/2018,12/5/2019,edc2836d-daf0-4c6a-bcde-ee44d22f7bcb,97322
691,A,Feenstra,8/25/2019,8/24/2020,92cefd40-3e16-43ad-b35f-7d9f30639d83,43137
692,G,Vaillant,4/4/2019,4/3/2020,54333527-8849-4920-b18d-37e64aa4de49,63775
693,A,Vaillant,7/1/2019,6/30/2020,c8faa674-6ae3-484f-81f0-c8fe4bd9ec28,98611
694,G,Feenstra,10/15/2019,10/14/2020,9a2b143f-9dcb-4c47-98cd-d6b23ec0fc80,15621
695,A,Feenstra,10/3/2019,10/2/2020,f1e12ef9-05e4-45ca-a616-9577cfa1f3f6,32328
696,B,Vaillant,3/2/2019,3/1/2020,c417c40a-49e9-4356-bc7d-bde6acb5c894,58825
697,W,Remeha,2/13/2019,2/13/2020,c4419b57-cce4-48c9-abb1-a7d3f21b646a,24164
698,G,Vaillant,2/8/2019,2/8/2020,2103e405-c10f-4412-b2d8-2c9f84d83889,48763
699,W,Remeha,4/7/2019,4/6/2020,00aba4f1-2ef9-454c-aa69-72469a4d6359,53373
700,A,Feenstra,8/4/2019,8/3/2020,7d2b56dc-71a0-400f-a2d0-0d8ef139c050,43416
701,G,Remeha,7/27/2019,7/26/2020,18fb2af9-bfbe-40a7-bf75-9a958f26cbe9,21499
702,W,Vaillant,8/17/2019,8/16/2020,247c7218-804c-43cf-8142-d752fe08e063,68726
703,B,Vaillant,3/2/2019,3/1/2020,34887c42-fac6-4b4c-a1bb-23b716fc9272,86899
704,B,Remeha,6/4/2019,6/3/2020,862794ff-3150-4a45-b3ee-ee5305170091,22451
705,W,Feenstra,11/3/2019,11/2/2020,7358263a-8a31-4523-abf5-2cd387279909,67652
706,W,Feenstra,12/28/2018,12/28/2019,8064a6a5-be9f-4544-a826-342d305b41c5,87745
707,G,Remeha,2/5/2019,2/5/2020,017ed53e-edb9-47d2-91d5-b0fabd6bcdec,56556
708,G,Feenstra,4/16/2019,4/15/2020,e06acbee-05c5-4b8a-b77f-f7564c2a30a0,82773
709,G,Vaillant,9/12/2019,9/11/2020,a58f3eb2-7a02-43bf-84cf-fbbfc5811547,31487
710,B,Remeha,7/16/2019,7/15/2020,5f83c42b-122c-4755-8041-4f5317661654,16916
711,G,Vaillant,1/18/2019,1/18/2020,fe12b2b7-4bd6-4a76-8341-49f7d97ff368,79544
712,B,Feenstra,11/21/2019,11/20/2020,7e3b4920-ab41-428f-9a4a-90764faa7af3,65415
713,B,Feenstra,11/27/2019,11/26/2020,64d766eb-a546-40cf-aa08-06e0c3ee7b1a,57986
714,W,Vaillant,3/12/2019,3/11/2020,981edb2c-97c6-4823-8f25-40c0b1722067,32446
715,C,Remeha,1/7/2019,1/7/2020,479ac51d-c35c-49c3-8fc8-81538179ee6c,63866
716,G,Vaillant,11/13/2019,11/12/2020,e6efc2ef-43e3-492a-871f-c33e006132e0,63168
717,A,Remeha,7/29/2019,7/28/2020,04e48ef4-1f6e-49a5-922c-dd906496b18d,32971
718,W,Remeha,3/4/2019,3/3/2020,0cb5f27d-f64e-4d87-b80c-3cd471d2b476,79651
719,G,Vaillant,11/4/2019,11/3/2020,7e02dd4a-c9f1-4550-8048-6dd303921e30,86783
720,G,Remeha,11/11/2019,11/10/2020,c3b728e2-8369-4e47-b270-d5aaa229313c,74436
721,G,Feenstra,4/17/2019,4/16/2020,9d369be6-f461-44f2-8e4c-9057a3aeb22b,55778
722,W,Vaillant,7/28/2019,7/27/2020,9974a00c-82d4-4e43-ae41-2087ce1b71a6,92973
723,A,Remeha,9/7/2019,9/6/2020,e6ee93f6-08b9-48d6-a026-ec29b8b498c2,51213
724,A,Vaillant,10/18/2019,10/17/2020,9fe149b9-3ea0-4b06-a440-3de91051a4ba,83574
725,A,Vaillant,2/14/2019,2/14/2020,d82565bc-5d65-492c-bb9f-359eebfd44ab,56625
726,B,Vaillant,11/4/2019,11/3/2020,62790194-dbb7-4003-b820-51d9bf07617a,47357
727,B,Vaillant,11/21/2019,11/20/2020,6093d15d-6ddf-4c82-8b3f-fb75ae917deb,24188
728,A,Remeha,1/9/2019,1/9/2020,c2a29267-a292-4835-a9a6-24fc1c4cdc4a,57252
729,W,Vaillant,6/3/2019,6/2/2020,185e101a-0301-4224-90e9-a977a3ac9186,89742
730,B,Feenstra,1/23/2019,1/23/2020,41c617e1-6eb3-44dc-a4f0-cb3d054919df,16335
731,A,Vaillant,3/7/2019,3/6/2020,d6e81df2-77e0-499c-a793-af176a666ebd,13463
732,G,Remeha,2/14/2019,2/14/2020,b1bc27b7-0504-4d34-9da6-cc7096c052f4,19665
733,C,Vaillant,1/20/2019,1/20/2020,86253a91-7e46-4133-800b-0b22c0d8eddf,51675
734,W,Feenstra,7/4/2019,7/3/2020,51ca6f00-75d5-48f5-8487-09c0ee6cdb8b,53486
735,A,Feenstra,8/21/2019,8/20/2020,8018360c-09bd-474f-80cb-74a615bd3f56,26956
736,G,Vaillant,12/12/2018,12/12/2019,a08826d5-28bd-40b3-a2a6-6c2b61723e0a,75539
737,G,Feenstra,12/7/2018,12/7/2019,f58fd477-2eca-4a41-b6c8-c4edaf3b4cf0,14511
738,W,Vaillant,11/28/2019,11/27/2020,b83187b5-0f53-430a-9901-b88d47bb540b,14965
739,C,Remeha,7/24/2019,7/23/2020,652517f3-f33c-402f-9153-608706d19854,47482
740,B,Vaillant,1/20/2019,1/20/2020,54c36272-09f6-4689-8ccc-6e551aff1dd3,65695
741,W,Remeha,1/27/2019,1/27/2020,4bdc2bf6-08fa-4c85-a6d2-9366a913c751,33995
742,W,Remeha,5/23/2019,5/22/2020,f11774a2-b29d-4016-8a50-f061c4bbad06,73952
743,A,Vaillant,4/1/2019,3/31/2020,54abc8e0-ee69-48d5-a6cb-62059db2be27,93286
744,C,Feenstra,1/6/2019,1/6/2020,bf15db5c-88a4-4238-90e8-c4f0cdbd48ae,19457
745,G,Vaillant,4/26/2019,4/25/2020,b1324a8a-ac08-487c-ba38-b1aad7ecaa00,28841
746,B,Feenstra,11/4/2019,11/3/2020,aeacf89f-2536-4c92-8fc5-c49e69ab684c,39516
747,C,Remeha,4/23/2019,4/22/2020,ffbcc483-01db-4e91-97a7-c11f756583bf,96325
748,C,Vaillant,9/7/2019,9/6/2020,3b0b695a-63b7-4b9f-b127-b3b8a4b72d84,86931
749,G,Feenstra,5/25/2019,5/24/2020,410b2204-3b40-4e6c-a039-f6e2891c584c,26239
750,G,Remeha,11/8/2019,11/7/2020,fb2deb90-f475-4266-a986-3b3d93be5b7e,48841
751,G,Vaillant,10/12/2019,10/11/2020,1e4dd46f-b11c-46c2-b059-df8a0266bbfb,93658
752,G,Feenstra,7/16/2019,7/15/2020,9202efa0-7cd2-4ae4-9cff-91fc0dd6d394,93187
753,C,Vaillant,4/30/2019,4/29/2020,d1900d14-b60d-4a93-b425-8f9418529314,93861
754,W,Feenstra,8/2/2019,8/1/2020,0ce16af2-076c-4a74-bbf7-d3fac7d162ee,46725
755,B,Feenstra,4/8/2019,4/7/2020,2f4783e6-f923-42e8-a42e-14fb3fd65a5d,35689
756,C,Feenstra,9/29/2019,9/28/2020,97f740f7-86b8-455c-8592-78a0570ec98d,78488
757,B,Remeha,10/12/2019,10/11/2020,52473966-24d9-462c-a664-8cc111b39234,62425
758,B,Feenstra,5/11/2019,5/10/2020,0d12671c-9883-4744-8984-754687232dea,67979
759,C,Remeha,12/15/2018,12/15/2019,e452d25c-0ba9-4cca-b68d-2ef1ddf04b42,85236
760,B,Vaillant,11/21/2019,11/20/2020,ef6b1620-c879-4763-896a-e8e783fa8307,69565
761,C,Vaillant,12/24/2018,12/24/2019,bb1acc37-f637-4eb8-9f12-bc52e5fab67d,48919
762,B,Vaillant,5/20/2019,5/19/2020,9735bf16-1984-4ae1-a13d-bfa03d67da7b,11566
763,B,Remeha,3/9/2019,3/8/2020,e034efd6-1843-409f-a018-235aac79e5e0,75845
764,W,Vaillant,11/24/2019,11/23/2020,87e8808e-0e30-458d-973b-120e10a38a57,41239
765,W,Feenstra,2/12/2019,2/12/2020,761756a0-07ad-4850-a78a-9386abc1b2ae,58155
766,C,Remeha,10/12/2019,10/11/2020,529b9bae-4282-40ae-bb21-8f87789e4a59,91495
767,B,Feenstra,11/1/2019,10/31/2020,88cb3902-07d3-4425-b49c-829ded8288e8,54396
768,A,Remeha,1/8/2019,1/8/2020,2220e4bc-77cf-4804-af53-df009ee34350,81578
769,W,Feenstra,6/3/2019,6/2/2020,381b9541-d152-42d5-961a-f0ff9a9d4628,32536
770,A,Remeha,4/29/2019,4/28/2020,22590ffc-219d-48e4-81ea-df7788d09b32,84954
771,A,Vaillant,6/8/2019,6/7/2020,385475d8-544f-46f2-bef9-cdf1425cbc59,12491
772,W,Remeha,6/14/2019,6/13/2020,83bf9d95-3106-4e15-a015-607809538b92,94259
773,C,Remeha,3/15/2019,3/14/2020,952a55d7-8375-44bc-811e-00bec1504075,83949
774,B,Remeha,6/9/2019,6/8/2020,4a9a136a-6c71-4490-a2e3-bcdaf8acd659,61351
775,W,Remeha,11/7/2019,11/6/2020,91dc012d-cd8b-4591-9ada-75614e317a35,92357
776,W,Vaillant,3/1/2019,2/29/2020,f475f08f-412f-4237-b766-201a6627f527,82621
777,A,Remeha,2/13/2019,2/13/2020,085d5a75-5f6a-4a16-9e67-f885efabe329,24892
778,B,Vaillant,4/22/2019,4/21/2020,233b2476-abff-4826-b44f-8586a32d89e9,77974
779,A,Remeha,10/17/2019,10/16/2020,c9c8a17b-cb4b-4fbf-ae03-869d2b3c2f83,69661
780,A,Vaillant,1/15/2019,1/15/2020,52338c06-8803-4202-9d91-c10294f20a5d,64158
781,W,Remeha,4/4/2019,4/3/2020,cc4fa4ad-c288-447c-8320-a7ee9339f677,78219
782,W,Feenstra,3/19/2019,3/18/2020,385549f3-6ffa-455e-b6ed-7cfa9163786e,71518
783,W,Remeha,8/15/2019,8/14/2020,8d239511-b295-4fa3-b76c-40e4290831f6,77378
784,W,Remeha,1/21/2019,1/21/2020,183cc50e-ac5d-44c3-b29e-e4c58b4f5f90,77369
785,C,Feenstra,9/21/2019,9/20/2020,38049cb7-9515-46df-b7d2-62b248532cd2,39958
786,A,Feenstra,2/11/2019,2/11/2020,036efb68-12ed-41e4-8baa-79717fd7bc45,98423
787,B,Vaillant,6/8/2019,6/7/2020,49a1e24f-5914-43a4-960c-dd5ae2dc219d,27991
788,A,Vaillant,9/28/2019,9/27/2020,13391306-f041-4d35-b307-02262ad1de8c,55688
789,B,Remeha,2/5/2019,2/5/2020,a489e48b-e879-4237-a722-aa2b5ced102e,96435
790,C,Remeha,3/10/2019,3/9/2020,2d697320-af9a-4500-81ee-04cfcf0b80eb,68561
791,C,Remeha,10/11/2019,10/10/2020,714a1951-1d7a-4548-abe3-0af77016c41f,42783
792,A,Vaillant,8/1/2019,7/31/2020,50c75abb-56fc-4dd5-a383-c54ba9ddc613,87576
793,G,Remeha,7/21/2019,7/20/2020,913b3fb7-199c-4d89-bcbd-5cef382844f8,73464
794,C,Feenstra,6/6/2019,6/5/2020,0eeaade8-5921-484e-8abd-3fbc26e2344e,28918
795,G,Vaillant,10/28/2019,10/27/2020,9b4c0af7-baf4-478a-be40-bf150b639bad,47616
796,G,Feenstra,6/8/2019,6/7/2020,0788260e-1184-474e-978c-5a4533cf975c,81447
797,A,Feenstra,2/20/2019,2/20/2020,619e301c-9ae9-42e0-8bf2-5739f9928aa3,85623
798,C,Vaillant,5/15/2019,5/14/2020,930e59be-7398-4af8-a588-cc6c1d973013,33653
799,B,Remeha,1/13/2019,1/13/2020,19e70e3f-d539-4614-a594-fa97ab18da7f,95992
800,G,Remeha,10/14/2019,10/13/2020,dd99172c-3a95-41f8-92a5-5f54754a91cf,98554
801,B,Vaillant,9/25/2019,9/24/2020,6d43db4f-a641-4197-b1f6-052c1ad522bc,64841
802,A,Remeha,7/22/2019,7/21/2020,458a09ee-0a58-451c-a73c-2b290150cfd2,79424
803,B,Vaillant,2/20/2019,2/20/2020,6114fd82-d886-47a4-964e-1e7bc72c11ab,75797
804,G,Remeha,5/13/2019,5/12/2020,949dcd6e-9dfa-4bbb-b51a-c17cf23f1393,59279
805,A,Remeha,2/3/2019,2/3/2020,11b87832-8827-4df7-a92a-964d74e550ae,31797
806,G,Feenstra,3/2/2019,3/1/2020,5d403515-3625-4dd2-b297-f7cec2d2b70a,71752
807,A,Vaillant,2/13/2019,2/13/2020,8f55c98a-2618-46ce-b112-e3175a35e391,16311
808,G,Vaillant,12/1/2019,11/30/2020,3b084a42-c318-4da4-835e-67f7f264463f,33343
809,A,Feenstra,7/8/2019,7/7/2020,5d20e15d-d2c4-49f9-8470-ea7b689603b8,83824
810,A,Feenstra,2/9/2019,2/9/2020,098796dc-c2fc-4946-981b-6be459c31a20,28546
811,G,Feenstra,10/13/2019,10/12/2020,01c4598e-8a8c-4f4f-ba7a-ba4447dff799,64336
812,C,Feenstra,12/26/2018,12/26/2019,7dc9783b-4854-46a2-8d01-7619407e3ce5,35931
813,A,Feenstra,6/25/2019,6/24/2020,8b3d532f-4add-490b-9209-b0414520f412,78952
814,W,Feenstra,9/11/2019,9/10/2020,c42aefb0-2fde-454b-ab20-526a830a0c2e,25889
815,B,Vaillant,5/1/2019,4/30/2020,49cf28c1-a190-426f-b84e-30f64092a870,16323
816,A,Remeha,9/2/2019,9/1/2020,ddddc341-806f-4fae-be82-a90a850e8aca,76352
817,C,Remeha,8/23/2019,8/22/2020,c6ae0f65-4c83-4efe-bf59-4654b86ec5d0,86144
818,B,Feenstra,8/15/2019,8/14/2020,255f9651-8a73-4d42-b251-4eba25538b45,14997
819,C,Feenstra,6/26/2019,6/25/2020,a6074e9f-8734-4189-b8c7-7667d01ae9cf,78523
820,C,Remeha,9/18/2019,9/17/2020,11556233-cce8-480a-83fb-e98a91191b96,17849
821,G,Remeha,3/10/2019,3/9/2020,4faa8921-4a74-4b23-97d8-0a24a1d874c4,75636
822,G,Feenstra,7/19/2019,7/18/2020,5022080d-a122-4d01-b0f3-e40962c4d769,17815
823,A,Feenstra,12/1/2019,11/30/2020,4ea63cd3-6dec-438b-b3e0-d91356f523f2,21684
824,A,Vaillant,10/20/2019,10/19/2020,788758f6-3d73-4a8f-9a69-ab490f6c872b,18397
825,W,Feenstra,10/18/2019,10/17/2020,5224d633-577b-4e6a-b405-f88870f17fea,57534
826,A,Remeha,4/14/2019,4/13/2020,7766769b-ad2c-43c0-90a6-0f452d7ccfa0,65218
827,B,Vaillant,9/24/2019,9/23/2020,ab9cca11-3993-42d4-aca9-5971ab0f97f8,59586
828,A,Remeha,12/31/2018,12/31/2019,8a6d8893-dab0-489d-8719-443df86450d6,21987
829,G,Remeha,2/10/2019,2/10/2020,3c16fafa-a2d1-4ffb-8375-8edc8f99a8dc,92461
830,G,Vaillant,6/6/2019,6/5/2020,b68f4c90-61fe-4021-8754-4efdae68273e,23523
831,W,Vaillant,9/1/2019,8/31/2020,7abb2fb6-11d2-42ed-ac1d-7e366c5aa928,29951
832,B,Feenstra,8/17/2019,8/16/2020,6206c351-d1c0-4965-8d57-e085509b0d75,36286
833,C,Feenstra,4/6/2019,4/5/2020,f2407a45-6082-42cf-910e-7fbe00f28964,21269
834,B,Feenstra,9/10/2019,9/9/2020,ade044d4-99d1-44f0-8eb1-64271bd7a924,86768
835,C,Remeha,3/30/2019,3/29/2020,fae10a9d-1dde-4fa6-8424-734cdbb41707,89219
836,W,Feenstra,7/14/2019,7/13/2020,988dde78-2ad6-4586-a951-b1592f8becdc,19578
837,B,Remeha,5/1/2019,4/30/2020,d2e16c4b-af2b-4518-bdde-c4298f550121,12687
838,C,Feenstra,9/30/2019,9/29/2020,9d7b7e77-e397-48b3-9539-441a68a04659,35851
839,W,Remeha,10/18/2019,10/17/2020,9eda50fc-e2be-4a09-b4f0-ef39f4d8077f,68794
840,A,Feenstra,3/7/2019,3/6/2020,ba66d4eb-505a-4e10-a61b-86dbdd196e23,36975
841,G,Vaillant,4/1/2019,3/31/2020,fec5fe14-e8cc-427f-a8e6-d46456c1acb1,12445
842,C,Remeha,11/18/2019,11/17/2020,d6650aa2-0dae-44a3-a076-3a7e31af2065,18972
843,G,Feenstra,10/26/2019,10/25/2020,6b7a0638-c0bb-413e-87b1-aa136a92fac2,39112
844,W,Feenstra,7/19/2019,7/18/2020,fcdaa93e-d379-4869-aabe-97535019c7e2,46397
845,G,Vaillant,12/31/2018,12/31/2019,50522144-708a-48bc-858f-09164518409c,94818
846,W,Remeha,4/14/2019,4/13/2020,81442996-8309-4d29-b612-be77b33134b8,55324
847,B,Vaillant,7/15/2019,7/14/2020,11890e74-2819-48c3-a0e1-e0dfd2f08a97,61286
848,C,Vaillant,3/17/2019,3/16/2020,51ad6aa9-ef56-4ce7-bbe5-bc4ba0f7decd,14536
849,B,Vaillant,3/1/2019,2/29/2020,298180dd-7518-4787-bf45-1f895a537fcc,54524
850,G,Remeha,2/14/2019,2/14/2020,50e2c849-71a2-42e1-9261-19744b7448b3,45958
851,C,Feenstra,11/21/2019,11/20/2020,e5bc1272-aada-4c33-b70d-2392bc19667d,12281
852,G,Vaillant,4/6/2019,4/5/2020,191faad0-5d16-40a2-8541-5d70aae4cafc,72139
853,W,Feenstra,2/25/2019,2/25/2020,8521b7b1-5d03-41b4-8744-6acc083acc5b,16797
854,W,Feenstra,4/30/2019,4/29/2020,3cea7b6b-92d3-499b-aaf8-77b2bbb07b29,76927
855,W,Vaillant,1/15/2019,1/15/2020,96e8b262-45ca-49dc-9026-f0460d9f037c,18892
856,A,Feenstra,7/10/2019,7/9/2020,9ca32ff7-3af2-4f45-ab62-d18085e0ad65,88588
857,W,Feenstra,10/30/2019,10/29/2020,0b798903-4c44-49f1-92ff-545cdd2f1b99,96984
858,A,Vaillant,12/8/2018,12/8/2019,f8b505db-5b41-4d89-ba13-669021d9b072,12617
859,G,Feenstra,9/24/2019,9/23/2020,36c92198-2530-472d-af2a-1c80648f4386,64235
860,C,Feenstra,3/15/2019,3/14/2020,dc34458c-c593-4ecb-b86b-14ad2a7a157f,26239
861,C,Vaillant,10/31/2019,10/30/2020,31ce43a8-91a5-4bef-9121-17a73540bfb3,17849
862,A,Feenstra,2/4/2019,2/4/2020,c4ed51d4-6bdb-493e-ad0c-aa149f20ec50,19667
863,B,Remeha,8/20/2019,8/19/2020,a7fb96de-f4b5-4725-a3f1-1d2bde59e1ef,55728
864,G,Vaillant,11/1/2019,10/31/2020,7484dac6-ae01-4458-a75b-6cd203ad06e4,28811
865,B,Remeha,6/18/2019,6/17/2020,529bf7be-cf67-4a71-a1fa-ffd9597f4796,65898
866,A,Remeha,9/28/2019,9/27/2020,ad214bbd-7316-40df-9cf8-45c06ce269e9,44798
867,A,Vaillant,12/23/2018,12/23/2019,f58cff4e-0a0d-4e8e-a8d9-ac6138df1b6e,34991
868,G,Feenstra,11/9/2019,11/8/2020,961113c0-75de-4802-b3cd-d1afcd740f16,97221
869,A,Remeha,8/6/2019,8/5/2020,6f3041f1-cf07-4586-81fe-ad4e16dd847a,63625
870,G,Vaillant,4/20/2019,4/19/2020,d98c6c7f-701d-49b1-8d99-aaee20d6fc12,96455
871,W,Remeha,2/12/2019,2/12/2020,35b708da-225e-425a-b895-13b0405dcc5a,75315
872,B,Remeha,3/19/2019,3/18/2020,c71ebbf4-e11d-452c-825f-44b4f045f615,64115
873,A,Remeha,2/25/2019,2/25/2020,52f11006-e92a-4723-9393-d0433a93d676,78818
874,B,Vaillant,11/9/2019,11/8/2020,2f8e84fd-44c9-43b7-ac89-94ceba8337af,63236
875,W,Remeha,9/3/2019,9/2/2020,818cd314-66e9-457a-b3c2-d1ed9731481a,61489
876,C,Feenstra,4/22/2019,4/21/2020,0021d016-949d-431a-8bf6-8696206e154d,25631
877,G,Remeha,7/13/2019,7/12/2020,540f1b76-1ce3-46f4-b251-aae511c68dd9,36142
878,C,Remeha,1/14/2019,1/14/2020,6046a106-eb16-416c-aed0-e29b6f9f5140,73654
879,A,Feenstra,7/26/2019,7/25/2020,fcc821fa-6579-45f8-9272-e9f7f55d1578,55677
880,W,Feenstra,6/2/2019,6/1/2020,41b5fd0b-88ea-498e-8dae-06bd4bff4f59,94691
881,A,Vaillant,5/3/2019,5/2/2020,560de862-804b-42d3-858a-1f55da186813,12578
882,A,Vaillant,6/28/2019,6/27/2020,f369be50-cc8b-47fd-8869-ada576ab218d,27463
883,G,Vaillant,2/11/2019,2/11/2020,60e040e8-e1bf-44db-a177-afeccf113fc3,43687
884,B,Vaillant,12/24/2018,12/24/2019,f60fb53f-037e-4011-9c8c-39412e4b750e,93332
885,W,Remeha,10/1/2019,9/30/2020,99ec1bd8-5d49-4cf0-b28e-5d682069814d,16873
886,B,Remeha,11/4/2019,11/3/2020,140f39a2-4445-488f-ae9a-c6e21c4ea436,31128
887,C,Feenstra,11/9/2019,11/8/2020,fa9005c7-8806-4b65-8e54-171469ecaba9,17533
888,C,Remeha,3/31/2019,3/30/2020,e2a523e0-5a6e-4c55-a54a-82345d66c515,61674
889,C,Vaillant,7/26/2019,7/25/2020,8f163523-3c32-4c58-9b65-d062d4720851,63519
890,C,Remeha,7/25/2019,7/24/2020,58a42d4e-a041-4f8c-8bc3-c75d83b21944,34442
891,G,Feenstra,8/20/2019,8/19/2020,8f64c6f7-2587-4173-88ad-37a7095dc50e,92182
892,B,Feenstra,7/18/2019,7/17/2020,61fc8c04-8c81-4bda-a06f-d6fd71f13af5,81344
893,G,Vaillant,5/9/2019,5/8/2020,8c4c3537-1690-418b-bde9-108915112ab7,51184
894,G,Vaillant,10/20/2019,10/19/2020,e1e8f697-62e3-4222-b1a4-71b4ec19f0ea,13312
895,B,Feenstra,8/28/2019,8/27/2020,241af35b-b811-42f0-bcd6-4e074a1325a8,54991
896,A,Remeha,8/10/2019,8/9/2020,446ce961-b9d5-426c-afe7-7ae6b36c6170,46956
897,C,Vaillant,6/25/2019,6/24/2020,780825a8-c99c-4622-9fe3-002044544cd1,35729
898,G,Vaillant,9/25/2019,9/24/2020,452dc5b8-9c41-4f45-aefd-4cf44f4c9407,88894
899,B,Vaillant,4/10/2019,4/9/2020,d2b64438-811d-4270-9cc3-06be94a428b1,83367
900,W,Feenstra,12/5/2018,12/5/2019,6d7a32cf-1f06-4ef1-95bd-d1823de22aa2,31272
901,G,Feenstra,5/25/2019,5/24/2020,53b813fe-3a66-4203-9b27-519d90f067a9,98296
902,C,Feenstra,1/13/2019,1/13/2020,2a47fb28-7387-42d9-bce1-8d075f6f985a,64174
903,A,Vaillant,8/9/2019,8/8/2020,cdfffdda-1e50-403f-87e4-3559fb5f9a84,59289
904,G,Vaillant,1/10/2019,1/10/2020,1d3c5d3e-4e53-4d53-97a2-b9d8f5c8585d,12412
905,G,Vaillant,6/16/2019,6/15/2020,e0df2e46-a82b-477c-acc2-2c9039a4bba1,64111
906,G,Remeha,4/9/2019,4/8/2020,580fcec8-e1bd-4b22-85da-53d03aaea455,11463
907,A,Remeha,4/16/2019,4/15/2020,6dacf16f-2229-4fab-920f-a13ce6fe8499,28396
908,A,Feenstra,3/25/2019,3/24/2020,2545c1f5-3def-4233-b71b-dc019462e046,93267
909,W,Remeha,11/27/2019,11/26/2020,530b646f-4b4b-42df-8f1a-3c9564070ab8,76636
910,A,Vaillant,3/24/2019,3/23/2020,485f99ac-2fb1-431f-a953-94c395c080e4,69163
911,B,Feenstra,8/26/2019,8/25/2020,46f540e3-9938-4af6-b1f8-7a6ea1a07c8d,26982
912,A,Vaillant,3/9/2019,3/8/2020,d86e4a3f-927f-4b28-a880-0584e35a2cc5,14896
913,G,Remeha,8/1/2019,7/31/2020,12900845-ba8c-4f1f-9028-2ed8a8a78aa3,77546
914,G,Vaillant,4/29/2019,4/28/2020,0df12010-5c16-4092-b470-5bf968fc9b9d,95532
915,B,Vaillant,7/2/2019,7/1/2020,87a66874-35ae-4ef5-957c-c3202ecc66ea,29591
916,A,Remeha,1/25/2019,1/25/2020,6f5368e7-4261-4ae9-9c8d-07ed6e60e71f,99538
917,W,Remeha,2/4/2019,2/4/2020,c0ffa32f-ecd1-4090-b26a-c5f7b34ff026,43238
918,W,Feenstra,10/9/2019,10/8/2020,875afe02-bd35-464d-9ba7-60736aedfaf7,29144
919,G,Remeha,9/29/2019,9/28/2020,f4a60d01-529f-4fd0-942f-bde999e9819d,64293
920,C,Remeha,2/22/2019,2/22/2020,47658858-8b3e-422e-ad7a-fb634309ccdc,26792
921,C,Vaillant,10/1/2019,9/30/2020,a25af87b-fe33-41ba-9265-2a70a845ef00,67552
922,W,Feenstra,9/25/2019,9/24/2020,32a03784-0d64-40f0-8b68-103d68d7c7aa,91544
923,C,Vaillant,3/17/2019,3/16/2020,d3d45960-96f8-4f9f-acab-9dda6b78b7df,26411
924,G,Feenstra,6/6/2019,6/5/2020,90ec8ac9-17a6-4a26-a66b-6728dfedfb96,93414
925,G,Vaillant,6/22/2019,6/21/2020,830017e2-d840-4dc2-ba69-22e1a9270a3a,73729
926,B,Remeha,8/19/2019,8/18/2020,251388f2-d99c-44f9-bf6a-b1d5c650123a,84547
927,G,Remeha,10/22/2019,10/21/2020,2d99e35b-3fcd-4d86-96ac-bb021a93ee01,95433
928,G,Remeha,7/17/2019,7/16/2020,c7fa1504-69ed-47f6-80b3-23b6583415d0,52531
929,W,Vaillant,12/20/2018,12/20/2019,0482e0f9-1bd4-470e-86d1-7ac8ae19ea69,17133
930,W,Vaillant,5/25/2019,5/24/2020,94c19213-d4f1-42ea-8984-166c89547a06,26163
931,B,Feenstra,9/12/2019,9/11/2020,ff09058d-be59-475f-83e0-b81748be7f44,89524
932,W,Remeha,7/25/2019,7/24/2020,0a2ae84b-069f-4ecc-97e6-8bd4f0cb8627,55164
933,W,Remeha,10/6/2019,10/5/2020,278ec538-f1b0-4229-9592-dbc21eac066b,42541
934,A,Remeha,5/4/2019,5/3/2020,15fc331f-2cb7-411b-a886-739b51c87bb6,26631
935,C,Remeha,1/29/2019,1/29/2020,b7dfa4f9-1af5-419e-8877-376e275c5210,37393
936,W,Vaillant,12/13/2018,12/13/2019,ac19dafa-5864-4f0c-9d46-5629d9fb509d,31254
937,B,Vaillant,7/6/2019,7/5/2020,88add59c-ad70-437a-b6fc-15e5dc9ff3ce,81634
938,A,Remeha,6/22/2019,6/21/2020,673c0423-302f-4a3e-b5a5-3455e256d270,24446
939,G,Vaillant,9/10/2019,9/9/2020,993d0015-dca4-4947-abeb-c5a0a52799e6,76454
940,W,Remeha,10/25/2019,10/24/2020,1629fdeb-6b1e-4825-b417-70d4ad29d036,19472
941,A,Vaillant,8/27/2019,8/26/2020,569bc28e-c76c-45f9-a8f6-31822496b640,96835
942,B,Feenstra,12/8/2018,12/8/2019,bf828e5d-f83d-4a79-b0a4-ad217f814cbb,26412
943,W,Remeha,4/1/2019,3/31/2020,1e885bc7-71a2-409b-b3a3-a5394ec99074,55182
944,C,Feenstra,11/4/2019,11/3/2020,81be3df5-b6b3-40bd-8f6f-898cc95f1f87,89757
945,W,Remeha,6/15/2019,6/14/2020,d3f23f47-68de-4288-b4ff-b4f8d6e1249b,41738
946,G,Vaillant,9/10/2019,9/9/2020,7fedc395-e7a3-4b66-b7c7-38763100959b,69323
947,A,Feenstra,8/11/2019,8/10/2020,b8162f62-1cf2-4f33-9ac3-1aa4552bfad6,18932
948,B,Remeha,1/24/2019,1/24/2020,71cdc3d0-a914-43fc-83d4-b5591a7208f8,78627
949,A,Feenstra,11/14/2019,11/13/2020,8807abcb-13a3-4e58-8136-fab0a1b6c7c1,22445
950,W,Vaillant,12/23/2018,12/23/2019,b3ec5f3d-6a14-4b33-ba46-18ddcea4c456,96583
951,W,Vaillant,10/21/2019,10/20/2020,7e4f8d8f-b3b7-40a3-9df9-7ca622bc661f,96569
952,G,Remeha,2/7/2019,2/7/2020,60da5d95-dc48-4af1-a200-ece6e0b5d790,53676
953,C,Vaillant,3/16/2019,3/15/2020,351222ce-3e3d-415c-b25f-ff15ce31b0a6,75443
954,B,Remeha,5/30/2019,5/29/2020,20a9d304-8515-43ec-bc72-3e109fbfa44d,49636
955,B,Feenstra,9/1/2019,8/31/2020,9587881c-37a1-4a0f-bd51-574b422b0769,74998
956,B,Feenstra,12/2/2019,12/1/2020,99d4336b-ee34-4278-9dda-d517b4cd46e2,58685
957,A,Vaillant,9/3/2019,9/2/2020,736ea2f6-7534-410a-9c7d-a747e9662439,34597
958,C,Vaillant,1/25/2019,1/25/2020,ae26ab52-3be9-44d5-9181-0c0c5eb4e2f4,69312
959,G,Remeha,11/20/2019,11/19/2020,e38cc07e-e333-44cc-bebc-983359cf7d34,38998
960,G,Feenstra,5/28/2019,5/27/2020,498ef08e-9423-423b-bcd5-7f4d773799df,14367
961,G,Remeha,2/12/2019,2/12/2020,2c68b0ae-01ed-47f1-a5ca-963fc47285d2,48975
962,B,Remeha,3/2/2019,3/1/2020,733945f9-0940-435c-ba41-a1d24cad74ee,65167
963,C,Feenstra,7/19/2019,7/18/2020,2c065edf-965e-4c9e-9498-e9499f143b86,75812
964,G,Remeha,12/10/2018,12/10/2019,72d1f7c8-6075-4fa6-bb21-434b7ee27203,61422
965,W,Feenstra,1/30/2019,1/30/2020,8b51d78b-f2f1-460e-b902-5df277dff6c0,52161
966,C,Vaillant,8/23/2019,8/22/2020,4a330e5f-ac82-4d9b-b6d0-1874e2ff1c7d,83259
967,B,Vaillant,12/27/2018,12/27/2019,3e7353c4-0bdf-4ec4-894b-2a73295b0f19,22979
968,A,Remeha,3/10/2019,3/9/2020,2efaceb3-e72a-4ee4-9297-36ce8270aa5a,87325
969,C,Feenstra,11/28/2019,11/27/2020,5be99dc3-b630-4411-b625-27698deac69c,78781
970,W,Remeha,6/26/2019,6/25/2020,c4e56c45-e9e7-400c-88b2-377433028934,96221
971,C,Feenstra,1/7/2019,1/7/2020,662d98b7-a442-42f1-adfb-2a343864efce,51152
972,B,Vaillant,10/11/2019,10/10/2020,35342f28-9312-4c82-99f8-e0e5a79de33d,96469
973,C,Vaillant,2/1/2019,2/1/2020,3b7b30b3-f7eb-4258-93a1-6aa2ef42a9fb,66555
974,A,Feenstra,1/28/2019,1/28/2020,eb0da4c8-8a1c-49ab-a428-9a9dcff8f4d8,66955
975,W,Vaillant,3/13/2019,3/12/2020,1f999334-45bd-44d4-bcfc-148792114b29,49556
976,A,Feenstra,1/22/2019,1/22/2020,0f9861de-df0e-4dd9-b142-755ff71c1693,82146
977,B,Remeha,12/26/2018,12/26/2019,5a01db28-cf4b-4b0a-aa81-6bf4641af2ed,38346
978,W,Remeha,9/10/2019,9/9/2020,3c154f1f-4e69-49ca-8c92-998382a5e11c,41935
979,W,Feenstra,10/28/2019,10/27/2020,a53c765f-cd74-43f0-af44-e9867ee59f1c,12227
980,A,Remeha,1/8/2019,1/8/2020,065c19c1-22da-4398-ad51-a520abe88f1c,76346
981,G,Feenstra,11/17/2019,11/16/2020,6d2cec9f-3f7d-46dc-8056-152349604fd6,13389
982,W,Vaillant,5/7/2019,5/6/2020,0719ea93-d39a-41eb-9715-8de8eaec6eb9,59648
983,G,Vaillant,3/25/2019,3/24/2020,1813015f-45e7-4de7-9a96-12ff8fa9dcbc,77918
984,W,Feenstra,10/9/2019,10/8/2020,3ad48df0-0048-49b1-a82a-7cb1cab69065,92526
985,A,Vaillant,2/15/2019,2/15/2020,8586ec4c-59e9-4991-a53d-c23d86cf58fb,61138
986,B,Feenstra,8/9/2019,8/8/2020,a5ca9a0e-1411-4f22-82d5-f7bc2eba0fbd,87967
987,C,Remeha,4/23/2019,4/22/2020,25278e21-08a7-402f-9deb-a3a7ba4ebd8d,57288
988,C,Vaillant,12/28/2018,12/28/2019,6d41ffdf-2b91-4633-9821-c89cca68b3b1,71146
989,W,Vaillant,7/1/2019,6/30/2020,b8df5d8a-5f8b-4d06-a02e-e407d2d465c9,46232
990,A,Vaillant,4/8/2019,4/7/2020,333ff53b-967d-4f7b-80ed-a6809005fc80,49456
991,G,Feenstra,4/19/2019,4/18/2020,086cff41-f388-4fb3-aede-916867466a9c,59795
992,B,Vaillant,6/29/2019,6/28/2020,66599549-4f14-40b5-ae26-82e06806fcf5,37934
993,W,Feenstra,11/8/2019,11/7/2020,c9396178-12c8-4753-9f04-5b31f38b07e9,72234
994,W,Remeha,12/22/2018,12/22/2019,639b7c44-ab9e-42c9-a52f-b9fbfef6c13a,25114
995,B,Remeha,6/16/2019,6/15/2020,c76da3dd-369a-47f9-8519-fbabe2ad8cff,29621
996,W,Feenstra,11/29/2019,11/28/2020,198d2c03-a8fc-4cac-9e8d-b3fef0944fec,64641
997,G,Vaillant,12/22/2018,12/22/2019,6fcb576c-d2fe-4463-8aeb-3765a0885e8f,69399
998,A,Feenstra,5/22/2019,5/21/2020,728a0dad-cf6e-4f4b-93cf-b51d487caa33,61823
999,G,Feenstra,7/19/2019,7/18/2020,179a6c0d-be4d-4354-840f-6cc859db2249,77731
1000,B,Vaillant,1/13/2019,1/13/2020,a0983599-b084-4b95-903b-f1b9e5120897,99579
